{"audio": "\\dialekt\\ljud\\a\\albua se fram.wav", "dialekt": "albua se fram", "riks": "Armb\u00e5ga sig fram."}
{"audio": "\\dialekt\\ljud\\a\\all som tiast.wav", "dialekt": "all som tiast", "riks": "Ofta \u00e5terkommande."}
{"audio": "\\dialekt\\ljud\\a\\alri \u00e5it sla.wav", "dialekt": "alri \u00e5it sla", "riks": "Ingenting.            \"Inte ett dugg.\""}
{"audio": "\\dialekt\\ljud\\a\\annat ly i pibena.wav", "dialekt": "annat ly i pibena", "riks": "Annat ljud i pipan."}
{"audio": "\\dialekt\\ljud\\a\\ao o skafta.wav", "dialekt": "ao o skafta", "riks": "Ute p\u00e5 vift."}
{"audio": "\\dialekt\\ljud\\a\\avsje pao graot.wav", "dialekt": "avsje pao graot pap\u00e5ja", "riks": "Avsked p\u00e5 gr\u00e5tt papper. Utan upps\u00e4gning."}
{"audio": "\\dialekt\\ljud\\a\\aida opp at i.wav", "dialekt": "aida opp at i vanns\u00f6ppe", "riks": "F\u00e5 igen.            \"Vanns\u00f6ppe\" anses tunn och d\u00e5lig.            J\u00e4mf\u00f6r uttrycket \"Ge igen f\u00f6r gammal ost\"."}
{"audio": "\\dialekt\\ljud\\a\\aida som \u00e5in grobare.wav", "dialekt": "aida som \u00e5in grobare", "riks": "Stor\u00e4tare.            Se \u00e4ven              grobare             ."}
{"audio": "\\dialekt\\ljud\\a\\aida som \u00e5in vaij.wav", "dialekt": "aida som \u00e5in vaij", "riks": "Stor\u00e4tare.            \"\u00c4ter som en varg\"."}
{"audio": "\\dialekt\\ljud\\a\\aida som \u00e5in veahoggare.wav", "dialekt": "aida som \u00e5in veahoggare", "riks": "Stor\u00e4tare.            \"\u00c4ta som en vedhuggare\"."}
{"audio": "\\dialekt\\ljud\\a\\aj\u00f6 m\u00e4 de sa.wav", "dialekt": "aj\u00f6 m\u00e4 de, sa Setti te d\u00e5mmaren", "riks": "Setti, ett original, som bodde p\u00e5 \u00e5lderdomshemmet i L\u00f6nsboda, var inst\u00e4md som vittne till tinget i Broby. N\u00e4r m\u00e5let var f\u00e4rdigt, sa han till domaren: \"Aj\u00f6 me de\". Det blev sedan ett tales\u00e4tt."}
{"audio": "\\dialekt\\ljud\\a\\aitta de.wav", "dialekt": "aitta de", "riks": "\"Akta dig!\""}
{"audio": "\\dialekt\\ljud\\a\\aitta sa du inte.wav", "dialekt": "aitta sa du inte j\u00f6a \u00e5in gobbe", "riks": "G\u00f6ra fel.            \"Akta s\u00e5 du inte g\u00f6r en gubbe\".            J\u00e4mf\u00f6r uttrycket \"Akta s\u00e5 du inte g\u00f6r en tavla\"."}
{"audio": "\\dialekt\\ljud\\b\\ba daj o detta.wav", "dialekt": "ba daj o detta", "riks": "B\u00e5de det ena och det andra"}
{"audio": "\\dialekt\\ljud\\b\\ba l\u00e4inne o vail.wav", "dialekt": "ba l\u00e4inne o vail", "riks": "\"B\u00e5de l\u00e4nge och v\u00e4l\"."}
{"audio": "\\dialekt\\ljud\\b\\ba tailat o smoat.wav", "dialekt": "ba tailat o smoat", "riks": "G\u00e5 l\u00e4tt. \"B\u00e5de talgat och smort\"."}
{"audio": "\\dialekt\\ljud\\b\\ba tekka o saonna.wav", "dialekt": "ba tekka o saonna", "riks": "\"B\u00e5de s\u00e5dana och s\u00e5dana\"."}
{"audio": "\\dialekt\\ljud\\b\\ba tekket o saont.wav", "dialekt": "ba tekket o saont", "riks": "\"B\u00e5de s\u00e5dant och s\u00e5dant\"."}
{"audio": "\\dialekt\\ljud\\b\\baa da ao femtan.wav", "dialekt": "baa da ao femtan ivaoll", "riks": "Bar iv\u00e4g med fart."}
{"audio": "\\dialekt\\ljud\\b\\baa da iv\u00e4j.wav", "dialekt": "baa da iv\u00e4j", "riks": "Bar det iv\u00e4g."}
{"audio": "\\dialekt\\ljud\\b\\baiggeb\u00f6na.wav", "dialekt": "baiggeb\u00f6na", "riks": "Ex. \"H\u00e4r hj\u00e4lper inga baggeb\u00f6ner\".            Det hj\u00e4lper inte \u00f6ver huvudtaget. En bagge g\u00f6r \u00e4nd\u00e5 som han vill."}
{"audio": "\\dialekt\\ljud\\b\\bevara me vail.wav", "dialekt": "bevara me vail", "riks": "Bevars.            \"Bevare mig v\u00e4l\"."}
{"audio": "\\dialekt\\ljud\\b\\bevas vail.wav", "dialekt": "bevas vail", "riks": "Bevars.            \"Bevars v\u00e4l\"."}
{"audio": "\\dialekt\\ljud\\b\\bida i graiset.wav", "dialekt": "bida i graiset", "riks": "F\u00e5 ge sig.            \"Bita i gr\u00e4set\"."}
{"audio": "\\dialekt\\ljud\\b\\bli ao m\u00e4.wav", "dialekt": "bli ao m\u00e4", "riks": "Mista.            \"Bli av med.\""}
{"audio": "\\dialekt\\ljud\\b\\bli m\u00e4 att.wav", "dialekt": "bli m\u00e4 att", "riks": "Bli med det, bli vid det."}
{"audio": "\\dialekt\\ljud\\b\\bli om att.wav", "dialekt": "bli om att", "riks": "Omkomma."}
{"audio": "\\dialekt\\ljud\\b\\bli te se.wav", "dialekt": "bli te se", "riks": "Bli uppspelt."}
{"audio": "\\dialekt\\ljud\\b\\bli ve att.wav", "dialekt": "bli ve att", "riks": "Beh\u00e5lla det."}
{"audio": "\\dialekt\\ljud\\b\\blia \u00f6lle n\u00f6et te.wav", "dialekt": "blia \u00f6lle n\u00f6et te raoa", "riks": "Alltid n\u00e5gon utv\u00e4g.            J\u00e4mf\u00f6r uttrycket \"Blir alltid n\u00e5gon r\u00e5d\"."}
{"audio": "\\dialekt\\ljud\\b\\blinna b\u00e4igge vana naisena.wav", "dialekt": "blinna b\u00e4igge vana naisena", "riks": "Blind b\u00e5da sidor n\u00e4san. Om n\u00e5gon som \u00e4r ouppm\u00e4rksam."}
{"audio": "\\dialekt\\ljud\\b\\bonnati.wav", "dialekt": "bonnati", "riks": "En bondes hela levnad."}
{"audio": "\\dialekt\\ljud\\b\\br\u00e4nna s\u00e5m fn\u00f6ske.wav", "dialekt": "br\u00e4nna s\u00e5m fn\u00f6ske", "riks": "Brinner l\u00e4tt."}
{"audio": "\\dialekt\\ljud\\b\\bylta pao se.wav", "dialekt": "bylta pao se", "riks": "Ta p\u00e5 sig m\u00e5nga kl\u00e4der."}
{"audio": "\\dialekt\\ljud\\b\\b\u00e5 aitte me.wav", "dialekt": "b\u00e5 aitte me", "riks": "Bud efter mig; r\u00e5ka illa ut."}
{"audio": "\\dialekt\\ljud\\b\\b\u00e4a i drekkat.wav", "dialekt": "b\u00e4a i drekkat", "riks": "B\u00e4r i drickat; g\u00e5r galet."}
{"audio": "\\dialekt\\ljud\\b\\b\u00e4ila i se.wav", "dialekt": "b\u00e4ila i se", "riks": "Dricka. \"B\u00e4lga i sig.\""}
{"audio": "\\dialekt\\ljud\\b\\ba kakkat o tr\u00f6tt.wav", "dialekt": "ba kakkat o tr\u00f6tt i att", "riks": "\"B\u00e5de skitit och trampat i det.\"            Om en som struntar i allt."}
{"audio": "\\dialekt\\ljud\\b\\beet huet ao den.wav", "dialekt": "beet huet ao den onne", "riks": "Bitit huvudet av den onde (dj\u00e4vulen).            Tar tag i problemet."}
{"audio": "\\dialekt\\ljud\\b\\br\u00e5jaislade som \u00e5in b\u00e4rafis.wav", "dialekt": "br\u00e5jaislade som \u00e5in b\u00e4rafis", "riks": "Bredaxlad som en b\u00e4rfis."}
{"audio": "\\dialekt\\ljud\\d\\da l\u00e5jja aset.wav", "dialekt": "da l\u00e5jja aset", "riks": "Om n\u00e5gon man inte gillar. Usling."}
{"audio": "\\dialekt\\ljud\\d\\da fa sa.wav", "dialekt": "da fa sa", "riks": "D\u00e4rf\u00f6r att."}
{"audio": "\\dialekt\\ljud\\d\\da gao s\u00e5m \u00e5itt.wav", "dialekt": "da gao s\u00e5m \u00e5itt nysane", "riks": "\"Det g\u00e5r som ett nysande.\"\u00a0 N\u00e5got som g\u00e5r l\u00e4tt."}
{"audio": "\\dialekt\\ljud\\d\\da gekk tr\u00f6jt tev\u00e4jja.wav", "dialekt": "da gekk tr\u00f6jt tev\u00e4jja", "riks": "Direkt tolkat: \"Det gick tr\u00f6gt tillv\u00e4ga.\"            N\u00e5got som gick sakta eller var sv\u00e5rt att genomf\u00f6ra."}
{"audio": "\\dialekt\\ljud\\d\\da komma vall daa.wav", "dialekt": "da komma vall daa te livet", "riks": "Direkt tolkat: \"Det kommer v\u00e4l dagar till livet.\""}
{"audio": "\\dialekt\\ljud\\d\\da \u00e4 barra skr\u00e4b.wav", "dialekt": "da \u00e4 barra skr\u00e4b m\u00e4 helsena", "riks": "\"Det \u00e4r bara skr\u00e4p med h\u00e4lsan.\""}
{"audio": "\\dialekt\\ljud\\d\\da \u00e4 g\u00f6tt da.wav", "dialekt": "da \u00e4 g\u00f6tt da tyyt o m\u00e4tte m\u00e4", "riks": "Det \u00e4r b\u00e5de gott och m\u00e4ttande."}
{"audio": "\\dialekt\\ljud\\d\\da \u00e4 inte meet.wav", "dialekt": "da \u00e4 inte meet m\u00e4n lide", "riks": "Det \u00e4r inte mycket, men lite."}
{"audio": "\\dialekt\\ljud\\d\\da \u00e4 lide da.wav", "dialekt": "da \u00e4 lide da fina t\u00f6\u00f6l", "riks": "\"Det \u00e4r lite det fina t\u00e5l.\""}
{"audio": "\\dialekt\\ljud\\d\\da \u00e4 skillnad pao.wav", "dialekt": "da \u00e4 skillnad pao kaga o br\u00f6", "riks": "\"Det \u00e4r skillnad p\u00e5 kaka och br\u00f6d.\""}
{"audio": "\\dialekt\\ljud\\d\\den fattie fao haolla.wav", "dialekt": "den fattie fao haolla se pa mattena", "riks": "\"Den fattige f\u00e5r h\u00e5lla sig p\u00e5 mattan.\""}
{"audio": "\\dialekt\\ljud\\d\\den \u00e5jne h\u00f6de o.wav", "dialekt": "den \u00e5jne h\u00f6de o den andre slao", "riks": "\"Den ena h\u00f6tter och den andre sl\u00e5r.\""}
{"audio": "\\dialekt\\ljud\\d\\dyat som d\u00e4ate.wav", "dialekt": "dyat som d\u00e4ate", "riks": "Direkt tolkat: \"Dyrt och d\u00e4rtill\".            N\u00e4r n\u00e5got kostar f\u00f6r mycket."}
{"audio": "\\dialekt\\ljud\\d\\dyat som kwegesel.wav", "dialekt": "dyat som kwegesel", "riks": "Dyrt som kvicksilver."}
{"audio": "\\dialekt\\ljud\\d\\d\u00e4 \u00e4 bara loat.wav", "dialekt": "d\u00e4 \u00e4 bara loat m\u00e4 han", "riks": "\"Det \u00e4r bara skit med honom\".            Om en mycket sjuk person."}
{"audio": "\\dialekt\\ljud\\d\\da va sao uds\u00e5itt.wav", "dialekt": "da va sao uds\u00e5itt", "riks": "\"Det var nog s\u00e5 utsett.\" Vid en h\u00e4ndelse med olycklig utg\u00e5ng."}
{"audio": "\\dialekt\\ljud\\d\\da \u00e4 gr\u00f6let v\u00e4a.wav", "dialekt": "da \u00e4 gr\u00f6let v\u00e4a", "riks": "Vid \u00e5ska och regn."}
{"audio": "\\dialekt\\ljud\\d\\dao ska ni fa.wav", "dialekt": "dao ska ni fa s\u00e5j pa annat to pa rakken \u00e4n blaona", "riks": "J\u00e4mf\u00f6r med uttrycken \"D\u00e5 ska ni f\u00e5 se p\u00e5 annat\", \"Nu blir det andra bullar\".            Direkt tolkat \"D\u00e5 ska ni f\u00e5 se p\u00e5 annan ull p\u00e5 rocken \u00e4n bl\u00e5nor\".            Bl\u00e5nor \u00e4r en sorts grovt lingarn."}
{"audio": "\\dialekt\\ljud\\d\\da \u00e4 inna skam.wav", "dialekt": "da \u00e4 inna skam o bjua te", "riks": "\"Det \u00e4r ingen skam att bjuda till.\""}
{"audio": "\\dialekt\\ljud\\d\\d\u00e4n \u00e5jne \u00e4 inte.wav", "dialekt": "d\u00e4n \u00e5jne \u00e4 inte b\u00e4da \u00e4n den annre", "riks": "Den ene \u00e4r inte b\u00e4ttre \u00e4n den andre."}
{"audio": "\\dialekt\\ljud\\d\\da \u00e4 oa o.wav", "dialekt": "da \u00e4 oa o inna visa", "riks": "\"Det \u00e4r ord och inga visor.\""}
{"audio": "\\dialekt\\ljud\\d\\den asanes komma lia.wav", "dialekt": "den asanes komma lia foat som den rasanes", "riks": "\"Den asande kommer lika fort som den rasande.\"            Den som tar det lugnt kommer lika fort fram, som den som hastar."}
{"audio": "\\dialekt\\ljud\\d\\da \u00e4 inna konst.wav", "dialekt": "da \u00e4 inna konst o sj\u00e4ra br\u00e5ja remma ao andras l\u00e4a", "riks": "\"Det \u00e4r ingen konst att sk\u00e4ra breda remmar av andras l\u00e4der.\""}
{"audio": "\\dialekt\\ljud\\d\\da \u00e4 lett o.wav", "dialekt": "da \u00e4 lett o va l\u00e5jja o s\u00e4l raoa fa da", "riks": "\"Det \u00e4r fult att vara elak och sj\u00e4lv r\u00e5 f\u00f6r det.\""}
{"audio": "\\dialekt\\ljud\\d\\da \u00e4 b\u00e4da o.wav", "dialekt": "da \u00e4 b\u00e4da o va naisevisa \u00e4n o va naisel\u00f6sa", "riks": "\"Det \u00e4r b\u00e4ttre att vara n\u00e4svis \u00e4n att vara n\u00e4sl\u00f6s.\""}
{"audio": "\\dialekt\\ljud\\d\\da kan du inbilla.wav", "dialekt": "da kan du inbilla b\u00f6nna \u00f6d r\u00e4va ligga ud \u00e4gg i foaluna", "riks": "\"Det kan du inbilla b\u00f6nder, att r\u00e4var ligger p\u00e5 \u00e4gg i skinnm\u00f6ssan.\""}
{"audio": "\\dialekt\\ljud\\d\\den grannaste hean ve.wav", "dialekt": "den grannaste hean ve boat ha spitt pao se", "riks": "Den finaste pojken vid bordet har spytt p\u00e5 sig."}
{"audio": "\\dialekt\\ljud\\d\\da jia se i.wav", "dialekt": "da jia se i ainnen, sa roibslaoaren", "riks": "\"Det ger sig \u00e4nden, sa repslagaren.\""}
{"audio": "\\dialekt\\ljud\\d\\daj \u00e4 laitt o.wav", "dialekt": "daj \u00e4 laitt o fela, da kan h\u00e4nda hocken som", "riks": "Det \u00e4r l\u00e4tt att fela, det kan h\u00e4nda vem som."}
{"audio": "\\dialekt\\ljud\\d\\da kan h\u00e4nda den.wav", "dialekt": "da kan h\u00e4nda den baiste, ha h\u00e4nt me, sa tjuun", "riks": "\"Det kan h\u00e4nda den b\u00e4ste, har h\u00e4nt mig, sa tjuven.\""}
{"audio": "\\dialekt\\ljud\\d\\daj \u00e4 kwekt joat.wav", "dialekt": "daj \u00e4 kwekt joat, barra en haa ti, sa Grahn", "riks": "Det \u00e4r kvickt gjort, bara man har tid, sa Grahn."}
{"audio": "\\dialekt\\ljud\\d\\d\u00e4a je fatj\u00e4nsten fa.wav", "dialekt": "d\u00e4a je fatj\u00e4nsten fa i da, sa Br\u00f6llen, n\u00e4 traiskon sprakk", "riks": "D\u00e4r gick f\u00f6rtj\u00e4nsten f\u00f6r idag, sa Br\u00f6llen, n\u00e4r tr\u00e4skon sprack."}
{"audio": "\\dialekt\\ljud\\d\\da gao vall \u00f6va.wav", "dialekt": "da gao vall \u00f6va, sa han som spidde i bailena", "riks": "Det g\u00e5r v\u00e4l \u00f6ver, sa han som spydde i baljan."}
{"audio": "\\dialekt\\ljud\\d\\den som bettia salaa.wav", "dialekt": "den som bettia salaa han sillaa riaa", "riks": "\"Den som bittida sadlar, han sent rider.\""}
{"audio": "\\dialekt\\ljud\\d\\da \u00e4 inte g\u00f6tt.wav", "dialekt": "da \u00e4 inte g\u00f6tt o tigga havre ao j\u00e4asinna", "riks": "\"Det \u00e4r inte l\u00e4tt att tigga havre av g\u00e4sslingar.\""}
{"audio": "\\dialekt\\ljud\\d\\da h\u00e4lle saa kitte.wav", "dialekt": "da h\u00e4lle, saa Kitte Pelle", "riks": "Det lutar, sa Kitte Pelle."}
{"audio": "\\dialekt\\ljud\\d\\da klaana i \u00f6sta.wav", "dialekt": "da klaana i \u00f6sta, sa Ko-Nessen, na han tittade i vaista", "riks": "\"Det klarnar i \u00f6ster, sa Ko-Nissen, n\u00e4r han tittade i v\u00e4ster.\""}
{"audio": "\\dialekt\\ljud\\d\\daj \u00e4 beg som.wav", "dialekt": "daj \u00e4 beg som kao sjiit bao", "riks": "Beck som k\u00e5da \u00e4r skit b\u00e5da."}
{"audio": "\\dialekt\\ljud\\d\\da \u00e4 fabriksloat sae.wav", "dialekt": "da \u00e4 fabriksloat sae Lasse B\u00e4int om pj\u00e4xana", "riks": "\"Det \u00e4r fabrikslort, sa Lasse Bengt om pj\u00e4xorna.\"            Fabrikstillverkat ans\u00e5gs f\u00f6rr, i allm\u00e4nhet ha s\u00e4mre kvalitet."}
{"audio": "\\dialekt\\ljud\\d\\da kan ja inte.wav", "dialekt": "da kan ja inte li", "riks": "Det kan jag inte g\u00e5 med p\u00e5, tycka om."}
{"audio": "\\dialekt\\ljud\\d\\da lena i halsen.wav", "dialekt": "da lena i halsen", "riks": "Det lenar i halsen.            Lena = k\u00e4nnas b\u00e4ttre."}
{"audio": "\\dialekt\\ljud\\d\\da ska vella te.wav", "dialekt": "da ska vella te", "riks": "\"Det vill till\"."}
{"audio": "\\dialekt\\ljud\\d\\da skolle vauras.wav", "dialekt": "da skolle vauras", "riks": "Det g\u00f6r ingenting.            J\u00e4mf\u00f6r uttrycket: \"Det kvittar vilket\"."}
{"audio": "\\dialekt\\ljud\\d\\da slo slirom sl\u00e4nte.wav", "dialekt": "da slo slirom sl\u00e4nte", "riks": "Slog fel.            J\u00e4mf\u00f6r uttrycket: \"Det slog slint\"."}
{"audio": "\\dialekt\\ljud\\d\\da st\u00e5bba pao s\u00e5ittet.wav", "dialekt": "da st\u00e5bba pao s\u00e5ittet", "riks": "N\u00e4r n\u00e5gon ser d\u00e5ligt, f\u00e5r s\u00e4mre syn."}
{"audio": "\\dialekt\\ljud\\d\\da to \u00e5in sjiden.wav", "dialekt": "da to \u00e5in sjiden ainne", "riks": "D\u00e5ligt slut. \"Det tog en skiten \u00e4nde\"."}
{"audio": "\\dialekt\\ljud\\d\\da va dao sa.wav", "dialekt": "da va dao sa m\u00e4", "riks": "Verkar otroligt. Vid \u00f6verraskning."}
{"audio": "\\dialekt\\ljud\\d\\da va hoggarn.wav", "dialekt": "da va hoggarn", "riks": "Det var v\u00e4rst. Otroligt \u00f6verraskande."}
{"audio": "\\dialekt\\ljud\\d\\da va h\u00e5en.wav", "dialekt": "da va h\u00e5en", "riks": "Vid f\u00f6rargelse. Svordom."}
{"audio": "\\dialekt\\ljud\\d\\da va utit.wav", "dialekt": "da va utit", "riks": "Det var ot\u00e4ckt."}
{"audio": "\\dialekt\\ljud\\d\\da vette katten.wav", "dialekt": "da vette katten", "riks": "Vet inte. \"Det vete katten\"."}
{"audio": "\\dialekt\\ljud\\d\\da \u00e4 barra dan.wav", "dialekt": "da \u00e4 barra dan o v\u00e4jn", "riks": "Inget \u00f6ver. \"Det \u00e4r bara dagen och v\u00e4gen\"."}
{"audio": "\\dialekt\\ljud\\d\\dan o v\u00e4jn.wav", "dialekt": "dan o v\u00e4jn", "riks": "N\u00e4tt och j\u00e4mnt. \"Dagen och v\u00e4gen\"."}
{"audio": "\\dialekt\\ljud\\d\\dett l\u00e5jja skr\u00e4lle.wav", "dialekt": "dett l\u00e5jja skr\u00e4lle", "riks": "Okv\u00e4dingsord. \"Ditt fula bel\u00e4te\"."}
{"audio": "\\dialekt\\ljud\\d\\dra \u00f6d hinnastuna.wav", "dialekt": "dra \u00f6d hinnastuna", "riks": "\"F\u00f6rsvinn!\" \"Dra till en annan stuga.\""}
{"audio": "\\dialekt\\ljud\\d\\dua m\u00e4 hokka s\u00e5m.wav", "dialekt": "dua m\u00e4 hokka s\u00e5m", "riks": "Inte s\u00e5 noga. Duger med vilka som helst."}
{"audio": "\\dialekt\\ljud\\e\\en ska inte peda.wav", "dialekt": "en ska inte peda d\u00e4a en inte vell in", "riks": "Man ska inte l\u00e4gga sig i det man inte har med att g\u00f6ra."}
{"audio": "\\dialekt\\ljud\\f\\fal\u00f6tta se.wav", "dialekt": "fal\u00f6tta se", "riks": "F\u00f6rlyfta sig, f\u00f6r tungt."}
{"audio": "\\dialekt\\ljud\\f\\fao katt.wav", "dialekt": "fao katt", "riks": "F\u00e5 avsked. \"Bli kattad\"."}
{"audio": "\\dialekt\\ljud\\f\\fao nys om.wav", "dialekt": "fao nys om", "riks": "\"F\u00e5 reda p\u00e5\"."}
{"audio": "\\dialekt\\ljud\\f\\fao s\u00e5 pao anra.wav", "dialekt": "fao s\u00e5 pao anra bolla", "riks": "F\u00e5 se p\u00e5 annat. \"F\u00e5 se p\u00e5 andra bullar\"."}
{"audio": "\\dialekt\\ljud\\f\\farr i v\u00e4adena.wav", "dialekt": "farr i v\u00e4adena", "riks": "F\u00f6rr i v\u00e4rlden."}
{"audio": "\\dialekt\\ljud\\f\\fattia som na tj\u00f6aker\u00f6tte.wav", "dialekt": "fattia som na tj\u00f6aker\u00f6tte", "riks": "\u00c4ger ingenting. \"Fattig som en kyrkr\u00e5tta\"."}
{"audio": "\\dialekt\\ljud\\f\\fekk f\u00e5nn pao.wav", "dialekt": "fekk f\u00e5nn pao", "riks": "Fick reda p\u00e5."}
{"audio": "\\dialekt\\ljud\\f\\flyane fl\u00e4inn.wav", "dialekt": "flyane fl\u00e4inn", "riks": "Hastigt. \"I flygande fl\u00e4ng\"."}
{"audio": "\\dialekt\\ljud\\f\\fnorre pao traon.wav", "dialekt": "fnorre pao traon", "riks": "Osams. \"Fnurra p\u00e5 tr\u00e5den\"."}
{"audio": "\\dialekt\\ljud\\f\\foa i v\u00e4j.wav", "dialekt": "foa i v\u00e4j", "riks": "For iv\u00e4g."}
{"audio": "\\dialekt\\ljud\\f\\foa o skaftade.wav", "dialekt": "foa o skaftade", "riks": "Ute p\u00e5 vift."}
{"audio": "\\dialekt\\ljud\\f\\for ao femtan ivaol.wav", "dialekt": "for ao femtan ivaol", "riks": "Med fart. \"For av femtan i v\u00e5ld\"."}
{"audio": "\\dialekt\\ljud\\f\\f\u00f6llt som vaitta.wav", "dialekt": "f\u00f6llt som vaitta", "riks": "M\u00e5nga. \"Fullt som av v\u00e4ttar\"."}
{"audio": "\\dialekt\\ljud\\f\\f\u00f6nn en v\u00e5j ao.wav", "dialekt": "f\u00f6nn en v\u00e5j ao at", "riks": "Hastigt p\u00e5kommet.            \"F\u00f6rr\u00e4n en vet av det\".            Se \u00e4ven              f\u00f6nn             ."}
{"audio": "\\dialekt\\ljud\\f\\fastefeset lutta illa.wav", "dialekt": "fastefeset lutta illa", "riks": "Med \"fastefeset\" avs\u00e5gs             rosengeranium            , \u00e4ven             doftgeranium            , (pelargonium graveolens).            Den st\u00e4lldes ofta i farstun, eftersom den luktade starkt vid ber\u00f6ring."}
{"audio": "\\dialekt\\ljud\\f\\fa da maista.wav", "dialekt": "fa da maista", "riks": "Merendelsf\u00f6r det mesta."}
{"audio": "\\dialekt\\ljud\\f\\fal\u00e4ssa se.wav", "dialekt": "fal\u00e4ssa se", "riks": "Med f\u00f6r stort lass."}
{"audio": "\\dialekt\\ljud\\f\\fa som \u00e5in l\u00f6jtetainnare.wav", "dialekt": "fa som \u00e5in l\u00f6jtetainnare", "riks": "En som har br\u00e5ttom.  \"Far som en lyktet\u00e4ndare\". N\u00e5gra f\u00e5 lyktor fanns i samh\u00e4llet. I dessa anv\u00e4ndes olja. N\u00e4r de skulle t\u00e4ndas i skymningenvar det br\u00e5ttom."}
{"audio": "\\dialekt\\ljud\\f\\fa som \u00e5in tosinn.wav", "dialekt": "fa som \u00e5in tosinn", "riks": "Om en som har br\u00e5ttom.  \"Far som en tosing\"."}
{"audio": "\\dialekt\\ljud\\f\\faa se s\u00e4l.wav", "dialekt": "faa se s\u00e4l", "riks": "Ensam. \"F\u00f6r sig sj\u00e4lv\"."}
{"audio": "\\dialekt\\ljud\\f\\fadrevade domma.wav", "dialekt": "fadrevade domma", "riks": "F\u00f6rf\u00e4rligt dummer \u00e4n vanligt dum."}
{"audio": "\\dialekt\\ljud\\g\\ga se iv\u00e4j.wav", "dialekt": "ga se iv\u00e4j", "riks": "Gav sig iv\u00e4g."}
{"audio": "\\dialekt\\ljud\\g\\gao ao se s\u00e4l.wav", "dialekt": "gao ao se s\u00e4l", "riks": "G\u00e5 sj\u00e4lv utan hj\u00e4lp. \"G\u00e5 av sig sj\u00e4lv\"."}
{"audio": "\\dialekt\\ljud\\g\\gao b\u00e5tt i ansen.wav", "dialekt": "gao b\u00e5tt i ansen", "riks": "Blir inget \u00f6ver. \"G\u00e5 bort i ansen\"."}
{"audio": "\\dialekt\\ljud\\g\\gao i f\u00f6lk m\u00e4.wav", "dialekt": "gao i f\u00f6lk m\u00e4 stora traisko pao", "riks": "Luraktig. \"G\u00e5 i folk med stora tr\u00e4skor p\u00e5\"."}
{"audio": "\\dialekt\\ljud\\g\\gao na gryn.wav", "dialekt": "gao na gryn", "riks": "B\u00f6rjar ta slut."}
{"audio": "\\dialekt\\ljud\\g\\gao o lulla.wav", "dialekt": "gao o lulla", "riks": "G\u00e5r sakta."}
{"audio": "\\dialekt\\ljud\\g\\gao o paja.wav", "dialekt": "gao o paja", "riks": "G\u00e5r sakta."}
{"audio": "\\dialekt\\ljud\\g\\gao om ainna.wav", "dialekt": "gao om ainna", "riks": "\"G\u00e5 \u00f6ver \u00e4nda\"."}
{"audio": "\\dialekt\\ljud\\g\\gao pa skrua.wav", "dialekt": "gao pa skrua", "riks": "Olagligt."}
{"audio": "\\dialekt\\ljud\\g\\gao pa taget m\u00e4.wav", "dialekt": "gao pa taget m\u00e4 en", "riks": "Vill luras. \"G\u00e5 p\u00e5 taket med en\"."}
{"audio": "\\dialekt\\ljud\\g\\gao pao h\u00e5sesakk.wav", "dialekt": "gao pao h\u00e5sesakk", "riks": "G\u00e5 i strumpl\u00e4sten."}
{"audio": "\\dialekt\\ljud\\g\\gekk dina naise fabi.wav", "dialekt": "gekk dina naise fabi", "riks": "Fick det inte. \"Gick din n\u00e4sa f\u00f6rbi\"."}
{"audio": "\\dialekt\\ljud\\g\\gekk o sakkade.wav", "dialekt": "gekk o sakkade", "riks": "Gick sakta. J\u00e4mf\u00f6r med \"sacka efter\"."}
{"audio": "\\dialekt\\ljud\\g\\gekk te siis.wav", "dialekt": "gekk te siis", "riks": "V\u00e4jde. Gick \u00e5t sidan."}
{"audio": "\\dialekt\\ljud\\g\\gl\u00e4nta pa daana.wav", "dialekt": "gl\u00e4nta pa daana", "riks": "Gl\u00e4nta p\u00e5 d\u00f6rren. \u00d6ppna d\u00f6rren en aning."}
{"audio": "\\dialekt\\ljud\\g\\go far o.wav", "dialekt": "go far o", "riks": "Gott f\u00f6r att ...\u00a0\u00a0 F\u00f6r god f\u00f6r ..."}
{"audio": "\\dialekt\\ljud\\g\\grova p\u00e4nga.wav", "dialekt": "grova p\u00e4nga", "riks": "F\u00f6r mycket betalt. Negativ betydelse."}
{"audio": "\\dialekt\\ljud\\g\\g\u00f6tt tr\u00f6 i traiskona.wav", "dialekt": "g\u00f6tt tr\u00f6 i traiskona", "riks": "Passar foten."}
{"audio": "\\dialekt\\ljud\\g\\gekk ve sina om.wav", "dialekt": "gekk ve sina om", "riks": "Gick vid sidan om."}
{"audio": "\\dialekt\\ljud\\g\\glo sa trint som.wav", "dialekt": "glo sa trint som na jylam\u00f6ate", "riks": "Titta st\u00f6r\u00f6gt som en m\u00f6rt i en g\u00f6l."}
{"audio": "\\dialekt\\ljud\\g\\go midda \u00e4lla go.wav", "dialekt": "go midda \u00e4lla go maan \u00e4lla h\u00e5 dajs da \u00e4 pa dan", "riks": "God middag eller god morgon eller hur dags det \u00e4r p\u00e5 dagen."}
{"audio": "\\dialekt\\ljud\\g\\gon\u00f6tt sa tunnsj\u00e4gg na.wav", "dialekt": "gon\u00f6tt sa Tunnsj\u00e4gg na han gekk i davninnena", "riks": "God natt sa Tunnsk\u00e4gg, n\u00e4r han gick i dagningen."}
{"audio": "\\dialekt\\ljud\\h\\ha sett ihob.wav", "dialekt": "ha sett ihob", "riks": "Ha sitt ihop, tillsammans."}
{"audio": "\\dialekt\\ljud\\h\\han \u00e4 innana te.wav", "dialekt": "han \u00e4 innana te", "riks": "Kan ingenting, oduglig.            \"Han \u00e4r ingenting till\"."}
{"audio": "\\dialekt\\ljud\\h\\han \u00e4 \u00e5it redet.wav", "dialekt": "han \u00e4 \u00e5it redet faoralao", "riks": "Menl\u00f6s, i meningen \"\u00e4r f\u00f6r dum\".            \"Han \u00e4r ett riktigt f\u00e5ral\u00e5r\"."}
{"audio": "\\dialekt\\ljud\\h\\hao fa se.wav", "dialekt": "hao fa se", "riks": "Var f\u00f6r sig."}
{"audio": "\\dialekt\\ljud\\h\\hao i hondan.wav", "dialekt": "hao i hondan", "riks": "Var d\u00e5."}
{"audio": "\\dialekt\\ljud\\h\\hao o \u00e5in.wav", "dialekt": "hao o \u00e5in", "riks": "Var och en."}
{"audio": "\\dialekt\\ljud\\h\\hao om inte.wav", "dialekt": "hao om inte", "riks": "Var om inte."}
{"audio": "\\dialekt\\ljud\\h\\hao pa la.wav", "dialekt": "hao pa la", "riks": "Var n\u00e5gonstans."}
{"audio": "\\dialekt\\ljud\\h\\haoendaste \u00e5in.wav", "dialekt": "haoendaste \u00e5in", "riks": "Alla, varenda en."}
{"audio": "\\dialekt\\ljud\\h\\haoevelia da.wav", "dialekt": "haoevelia da", "riks": "Alla dagar, varje dag."}
{"audio": "\\dialekt\\ljud\\h\\haoevelia \u00e5in.wav", "dialekt": "haoevelia \u00e5in", "riks": "Alla, varenda en."}
{"audio": "\\dialekt\\ljud\\h\\haoll te raoa.wav", "dialekt": "haoll te raoa", "riks": "H\u00e5ll till godo, (raoa = r\u00e5d)."}
{"audio": "\\dialekt\\ljud\\h\\harrans v\u00e4a.wav", "dialekt": "harrans v\u00e4a", "riks": "D\u00e5ligt v\u00e4der. \"Herrans v\u00e4der\"."}
{"audio": "\\dialekt\\ljud\\h\\hastia pa gr\u00f6den.wav", "dialekt": "hastia pa gr\u00f6den", "riks": "H\u00e4ftig. \"Hastig p\u00e5 gr\u00f6ten\"."}
{"audio": "\\dialekt\\ljud\\h\\himla m\u00e4 yvenen.wav", "dialekt": "himla m\u00e4 yvenen", "riks": "Blinka.            \"Himla med \u00f6gonen\"."}
{"audio": "\\dialekt\\ljud\\h\\huut onne aamen.wav", "dialekt": "huut onne aamen", "riks": "Lite bakom. \"Huvudet under armen\"."}
{"audio": "\\dialekt\\ljud\\h\\hydda te se.wav", "dialekt": "hydda te se", "riks": "Snygga till sig."}
{"audio": "\\dialekt\\ljud\\h\\hyy sa kallt.wav", "dialekt": "hyy sa kallt", "riks": "Fryser. \"Hu, s\u00e5 kallt\"."}
{"audio": "\\dialekt\\ljud\\h\\h\u00e5ggarn m\u00e4.wav", "dialekt": "h\u00e5ggarn m\u00e4", "riks": "Otroligt. \"Huggarn ocks\u00e5\"."}
{"audio": "\\dialekt\\ljud\\h\\h\u00e4as o tw\u00e4as.wav", "dialekt": "h\u00e4as o tw\u00e4as", "riks": "Fl\u00e4nga om vartannat.            \"H\u00e4rs och tv\u00e4rs\"."}
{"audio": "\\dialekt\\ljud\\h\\h\u00e4lla se lide.wav", "dialekt": "h\u00e4lla se lide", "riks": "Halvligga; kort vilostund."}
{"audio": "\\dialekt\\ljud\\h\\h\u00e4rabr\u00e5jja som \u00e5in b\u00e4rafis.wav", "dialekt": "h\u00e4rabr\u00e5jja som \u00e5in b\u00e4rafis", "riks": "Axelbred.            \"Axelbred som en b\u00e4rfis\"."}
{"audio": "\\dialekt\\ljud\\h\\h\u00e4ttan ao haoat.wav", "dialekt": "h\u00e4ttan ao haoat", "riks": "Ta av m\u00f6ssan.            \"H\u00e4ttan av h\u00e5ret\"."}
{"audio": "\\dialekt\\ljud\\h\\h\u00f6 hitte du pao.wav", "dialekt": "h\u00f6 hitte du pao", "riks": "Vad g\u00f6r du.            \"Vad hittar du p\u00e5\"."}
{"audio": "\\dialekt\\ljud\\h\\h\u00f6ll se fa go.wav", "dialekt": "h\u00f6ll se fa go te", "riks": "F\u00f6r fin; \"h\u00f6ll sig f\u00f6r god f\u00f6r\"."}
{"audio": "\\dialekt\\ljud\\h\\h\u00f6tte m\u00e4 n\u00e4ven mod.wav", "dialekt": "h\u00f6tte m\u00e4 n\u00e4ven mod me", "riks": "Lyfte handen och hotade mig."}
{"audio": "\\dialekt\\ljud\\h\\han haa haogen pa.wav", "dialekt": "han haa Haogen pa ryggen", "riks": "S\u00e4gs om den late."}
{"audio": "\\dialekt\\ljud\\h\\han haa dao gr\u00f6datua.wav", "dialekt": "han haa dao gr\u00f6datua", "riks": "Om en som hade stor tur."}
{"audio": "\\dialekt\\ljud\\h\\han \u00e4 via i.wav", "dialekt": "han \u00e4 via i fl\u00f6jtena", "riks": "Om en som sl\u00e5r p\u00e5 stort."}
{"audio": "\\dialekt\\ljud\\h\\helsena \u00e4 aitteh\u00e4insen.wav", "dialekt": "helsena \u00e4 aitteh\u00e4insen", "riks": "\"H\u00e4lsan \u00e4r efterh\u00e4ngsen\". Om en som h\u00e5ller sig frisk."}
{"audio": "\\dialekt\\ljud\\h\\han slekka se om.wav", "dialekt": "han slekka se om m\u00e5nnen som en karahyllekatt", "riks": "Sades om en person, som var mycket n\u00f6jd och bel\u00e5ten.            P\u00e5              karahyllena             f\u00f6rvarades k\u00e4rl med bl.a. mj\u00f6lk och gr\u00e4dde."}
{"audio": "\\dialekt\\ljud\\h\\han ska fao sina.wav", "dialekt": "han ska fao sina remma ragade", "riks": "Bli utsk\u00e4lld. \"Han ska allt f\u00e5 veta av.\"            Direkt tolkat: \"Han ska f\u00e5 sina remmar rakade (= utr\u00e4tade)\"."}
{"audio": "\\dialekt\\ljud\\h\\haoatt stao r\u00e4tt i.wav", "dialekt": "haoatt stao r\u00e4tt i v\u00e4at som pa den ogudaitie", "riks": "H\u00e5ret st\u00e5r r\u00e4tt i v\u00e4dret, som p\u00e5 den ogudaktige."}
{"audio": "\\dialekt\\ljud\\h\\h\u00e4inga ihob som l\u00e5ja.wav", "dialekt": "h\u00e4inga ihob som l\u00e5ja o langhalm", "riks": "H\u00e4nga ihop som ler och l\u00e5nghalm."}
{"audio": "\\dialekt\\ljud\\h\\h\u00f6tte som \u00e5in kaa.wav", "dialekt": "h\u00f6tte som \u00e5in kaa m\u00e4n slao som \u00e5in skit", "riks": "Hotar som en karl men sl\u00e5r som en skit."}
{"audio": "\\dialekt\\ljud\\h\\han \u00e4 \u00e5jn redia.wav", "dialekt": "han \u00e4 \u00e5jn redia kladd", "riks": "\"Han \u00e4r en riktig slarver.\""}
{"audio": "\\dialekt\\ljud\\h\\han aod sa l\u00e4nge.wav", "dialekt": "han aod sa l\u00e4nge han gad o lae se d\u00e4a han sad", "riks": "Han \u00e5t s\u00e5 l\u00e4nge han iddes och la sig d\u00e4r han satt."}
{"audio": "\\dialekt\\ljud\\h\\hy sa stakkelta gast.wav", "dialekt": "hy, sa Stakkelta gast, n\u00e4 han sad ve spisen o br\u00e4nde se", "riks": "Hy, sa Stockhults gast (sp\u00f6ke), n\u00e4r han satt vid spisen och br\u00e4nde sig."}
{"audio": "\\dialekt\\ljud\\h\\han \u00e4 u\u00e4alia s\u00e5m.wav", "dialekt": "han \u00e4 u\u00e4alia s\u00e5m \u00e5jn tj\u00f6aketju", "riks": "Han \u00e4r o\u00e4rlig som den som stj\u00e4l i kyrkan."}
{"audio": "\\dialekt\\ljud\\h\\han \u00e4 illmaria s\u00e5m.wav", "dialekt": "han \u00e4 illmaria s\u00e5m Bakkens katt", "riks": "\"Han \u00e4r knipslug som Backens katt.\""}
{"audio": "\\dialekt\\ljud\\i\\i f\u00e4ave.wav", "dialekt": "i f\u00e4ave", "riks": "R\u00e5ka ut f\u00f6r n\u00e5got."}
{"audio": "\\dialekt\\ljud\\i\\i grevens ti.wav", "dialekt": "i grevens ti", "riks": "P\u00e5 tiden.\u00a0 \"I sista minuten\"."}
{"audio": "\\dialekt\\ljud\\i\\i j\u00e5inna ra.wav", "dialekt": "i j\u00e5inna ra", "riks": "F\u00f6rj\u00e4mt, alltid."}
{"audio": "\\dialekt\\ljud\\i\\i j\u00e5inna vassens ra.wav", "dialekt": "i j\u00e5inna vassens ra", "riks": "Oavbrutet. Se \u00e4ven              i j\u00e5inna ra             ."}
{"audio": "\\dialekt\\ljud\\i\\i sinom tii.wav", "dialekt": "i sinom tii", "riks": "Tids nog."}
{"audio": "\\dialekt\\ljud\\i\\ihob m\u00e4 nom.wav", "dialekt": "ihob m\u00e4 nom", "riks": "Tillsammans med honom."}
{"audio": "\\dialekt\\ljud\\i\\innen levanes rao.wav", "dialekt": "innen levanes rao", "riks": "Vet ingen r\u00e5d. \"Ingen levande r\u00e5d\"."}
{"audio": "\\dialekt\\ljud\\i\\innen raainne.wav", "dialekt": "innen raainne", "riks": "Sv\u00e5rt att reda ut. \"Ingen \u00e4nde p\u00e5 el\u00e4ndet\"."}
{"audio": "\\dialekt\\ljud\\i\\inte braoraget.wav", "dialekt": "inte braoraget", "riks": "Inte gjort med detsamma. Dr\u00f6jer."}
{"audio": "\\dialekt\\ljud\\i\\inte b\u00e5skablya.wav", "dialekt": "inte b\u00e5skablya", "riks": "Inte blyg. \"Inte buskablyg\"."}
{"audio": "\\dialekt\\ljud\\i\\inte b\u00f6desf\u00f6at.wav", "dialekt": "inte b\u00f6desf\u00f6at", "riks": "Kan ej lagas. B\u00f6da = reparera."}
{"audio": "\\dialekt\\ljud\\i\\inte joat i rappet.wav", "dialekt": "inte joat i rappet", "riks": "Dr\u00f6jer. \"Inte gjort i rappet.\""}
{"audio": "\\dialekt\\ljud\\i\\inte komma i fraoga.wav", "dialekt": "inte komma i fraoga", "riks": "Kommer inte i fr\u00e5ga."}
{"audio": "\\dialekt\\ljud\\i\\inte lit n\u00f6tt.wav", "dialekt": "inte lit n\u00f6tt", "riks": "Inte bra, liknar inget."}
{"audio": "\\dialekt\\ljud\\i\\inte l\u00e4 vegao.wav", "dialekt": "inte l\u00e4 vegao", "riks": "\"Inte l\u00e5ta vidg\u00e5.\" \u00a0Inte l\u00e5tsas om."}
{"audio": "\\dialekt\\ljud\\i\\inte l\u00e4inne teliga.wav", "dialekt": "inte l\u00e4inne teliga", "riks": "Korta stunder. Inte l\u00e4nge i s\u00e4nder."}
{"audio": "\\dialekt\\ljud\\i\\inte me emod.wav", "dialekt": "inte me emod", "riks": "Inte mig emot."}
{"audio": "\\dialekt\\ljud\\i\\inte meet o hurra.wav", "dialekt": "inte meet o hurra faa", "riks": "Inget att yvas \u00f6ver.            \"Inte mycket att hurra f\u00f6r\"."}
{"audio": "\\dialekt\\ljud\\i\\inte naodlett.wav", "dialekt": "inte naodlett", "riks": "Inte r\u00e5dligt. Ungef\u00e4r: \"Inte n\u00e5dligt\"."}
{"audio": "\\dialekt\\ljud\\i\\inte pau sju r\u00e5isa.wav", "dialekt": "inte pau sju r\u00e5isa n\u00e4a", "riks": "L\u00e5ngt ifr\u00e5n. \"Inte p\u00e5 sju resor n\u00e4r\"."}
{"audio": "\\dialekt\\ljud\\i\\inte pau via v\u00e4ja.wav", "dialekt": "inte pau via v\u00e4ja n\u00e4a", "riks": "L\u00e5ngt ifr\u00e5n. \"Inte p\u00e5 vida v\u00e4gar n\u00e4r\"."}
{"audio": "\\dialekt\\ljud\\i\\inte \u00e5it dogg.wav", "dialekt": "inte \u00e5it dogg", "riks": "Ingenting. \"Inte ett dugg\"."}
{"audio": "\\dialekt\\ljud\\i\\inte \u00e5it endaste tekken.wav", "dialekt": "inte \u00e5it endaste tekken", "riks": "Inget alls. \"Inte ett endaste tecken\"."}
{"audio": "\\dialekt\\ljud\\i\\inte \u00e5it knyst.wav", "dialekt": "inte \u00e5it knyst", "riks": "H\u00f6rs inget; inte ett knyst."}
{"audio": "\\dialekt\\ljud\\i\\inte \u00e5it skapanes grand.wav", "dialekt": "inte \u00e5it skapanes grand", "riks": "Inget alls. \"Inte ett skapandes grand\"."}
{"audio": "\\dialekt\\ljud\\i\\inte \u00e5it skwatt.wav", "dialekt": "inte \u00e5it skwatt", "riks": "Inget alls. \"Inte ett skvatt\"."}
{"audio": "\\dialekt\\ljud\\i\\inte laint frao lannet.wav", "dialekt": "inte laint frao lannet rott", "riks": "\"Inte l\u00e5ngt ifr\u00e5n landet rott.\"            Om en som inte blivit klar med arbetet, en senf\u00e4rdig."}
{"audio": "\\dialekt\\ljud\\j\\ji se austa.wav", "dialekt": "ji se austa", "riks": "Ge sig iv\u00e4g."}
{"audio": "\\dialekt\\ljud\\j\\jia ait pao.wav", "dialekt": "jia ait pao", "riks": "Ger akt p\u00e5."}
{"audio": "\\dialekt\\ljud\\j\\jia inte b\u00e5tt sina.wav", "dialekt": "jia inte b\u00e5tt sina vailf\u00e4a", "riks": "Sn\u00e5l. \"Ger inte bort sin v\u00e4lf\u00e4rd\"."}
{"audio": "\\dialekt\\ljud\\j\\joat ainnen pao.wav", "dialekt": "joat ainnen pao", "riks": "Gjort slut p\u00e5."}
{"audio": "\\dialekt\\ljud\\j\\jua som \u00e5in haist.wav", "dialekt": "jua som \u00e5in haist sprinna i tra", "riks": "Storljugare. \"Ljuger som en h\u00e4st travar\"."}
{"audio": "\\dialekt\\ljud\\j\\jysna i k\u00e4ppavraona.wav", "dialekt": "jysna i k\u00e4ppavraona", "riks": "\"Ljusna i vr\u00e5rna\"."}
{"audio": "\\dialekt\\ljud\\j\\j\u00e4lla sk\u00e5lle va.wav", "dialekt": "j\u00e4lla sk\u00e5lle va", "riks": "N\u00e4r det ska g\u00e4lla.            J\u00e4mf\u00f6r: \"N\u00e4r det kom till kritan\"."}
{"audio": "\\dialekt\\ljud\\j\\j\u00e4rtans vail.wav", "dialekt": "j\u00e4rtans vail", "riks": "Hj\u00e4rtans v\u00e4l."}
{"audio": "\\dialekt\\ljud\\j\\j\u00f6a ainnen pao.wav", "dialekt": "j\u00f6a ainnen pao", "riks": "G\u00f6r slut p\u00e5."}
{"audio": "\\dialekt\\ljud\\j\\j\u00f6a ao m\u00e4.wav", "dialekt": "j\u00f6a ao m\u00e4", "riks": "G\u00f6ra om intet."}
{"audio": "\\dialekt\\ljud\\j\\j\u00f6a inte \u00e5it gussens.wav", "dialekt": "j\u00f6a inte \u00e5it gussens tecken", "riks": "Lat. G\u00f6r inte ett Guds tecken. G\u00f6r ingenting."}
{"audio": "\\dialekt\\ljud\\j\\j\u00f6a se gr\u00f6na i.wav", "dialekt": "j\u00f6a se gr\u00f6na i r\u00f6f\u00e4aj", "riks": "Direkt tolkat: \"G\u00f6ra sig gr\u00f6n i r\u00f6df\u00e4rg\".            N\u00e5gon som tror sig veta."}
{"audio": "\\dialekt\\ljud\\j\\j\u00f6a yde faa se.wav", "dialekt": "j\u00f6a yde faa se", "riks": "G\u00f6ra sk\u00e4l f\u00f6r sig."}
{"audio": "\\dialekt\\ljud\\j\\j\u00f6ra opp i goo.wav", "dialekt": "j\u00f6ra opp i goo", "riks": "G\u00f6ra upp i godo."}
{"audio": "\\dialekt\\ljud\\j\\jus i guss hus.wav", "dialekt": "jus i Guss hus o lampe i trajtj\u00f6ake", "riks": "\"Ljus i Guds hus och lampa i tr\u00e4kyrka.\""}
{"audio": "\\dialekt\\ljud\\j\\ja vesste inte hean.wav", "dialekt": "ja vesste inte hean va tosia, fann han aod o trallade", "riks": "Jag visste inte att pojken var tokig, f\u00f6rr\u00e4n han \u00e5t och trallade.            Till bordsskicket h\u00f6rde, att maten och m\u00e5ltiden skulle respekteras. Att d\u00e5 sjunga eller tralla, var inte l\u00e4mpligt."}
{"audio": "\\dialekt\\ljud\\j\\ja m\u00e4n \u00f6jte da.wav", "dialekt": "ja m\u00e4n \u00f6jte da, saa myggena, na hon pissade i havet", "riks": "Jam\u00e4n \u00f6kade det, sa myggan, n\u00e4r hon kissade i havet."}
{"audio": "\\dialekt\\ljud\\k\\klaat som kaffesomp.wav", "dialekt": "klaat som kaffesomp", "riks": "Klart som kaffesump."}
{"audio": "\\dialekt\\ljud\\k\\klaat som koavaspa.wav", "dialekt": "klaat som koavaspa", "riks": "Klart som korvspad."}
{"audio": "\\dialekt\\ljud\\k\\krabba se fram.wav", "dialekt": "krabba se fram", "riks": "Kr\u00e5ngla sig fram."}
{"audio": "\\dialekt\\ljud\\k\\k\u00e5as o tw\u00e4as.wav", "dialekt": "k\u00e5as o tw\u00e4as", "riks": "Kors och tv\u00e4rs."}
{"audio": "\\dialekt\\ljud\\k\\k\u00e5ss i alla v\u00e4adena.wav", "dialekt": "k\u00e5ss i alla v\u00e4adena", "riks": "\"Kors i all v\u00e4rlden\"."}
{"audio": "\\dialekt\\ljud\\k\\k\u00e4nna pao v\u00e4adenas kl\u00e4m.wav", "dialekt": "k\u00e4nna pao v\u00e4adenas kl\u00e4m", "riks": "F\u00e5 reda p\u00e5 vad som g\u00e4ller.            Direkt tolkat: \"K\u00e4nna p\u00e5 v\u00e4rldens kl\u00e4m\"."}
{"audio": "\\dialekt\\ljud\\k\\k\u00e4ra goa.wav", "dialekt": "k\u00e4ra goa", "riks": "\"K\u00e4ra sn\u00e4lla ...\""}
{"audio": "\\dialekt\\ljud\\k\\kan inte slao \u00e5in.wav", "dialekt": "kan inte slao \u00e5in bl\u00e4e i \u00e5in loat", "riks": "Kan inte sl\u00e5 en kil i en lort. Om en som \u00e4r opraktisk."}
{"audio": "\\dialekt\\ljud\\k\\klakkaren pr\u00e4sten o honnen.wav", "dialekt": "klakkaren, pr\u00e4sten o honnen tj\u00e4na se f\u00f6na m\u00e4 monnen", "riks": "Klockaren, pr\u00e4sten och hunden tj\u00e4nar sin f\u00f6da med munnen."}
{"audio": "\\dialekt\\ljud\\l\\laenga radda raa.wav", "dialekt": "laenga radda raa", "riks": "En l\u00e5ng rad."}
{"audio": "\\dialekt\\ljud\\l\\lakka mod slutet.wav", "dialekt": "lakka mod slutet", "riks": "Slutet n\u00e4rmar sig."}
{"audio": "\\dialekt\\ljud\\l\\lakkade mod jul.wav", "dialekt": "lakkade mod jul", "riks": "Julen n\u00e4rmar sig."}
{"audio": "\\dialekt\\ljud\\l\\laom r\u00e5inli.wav", "dialekt": "laom r\u00e5inli", "riks": "Lagom renlig. Lite smutsig."}
{"audio": "\\dialekt\\ljud\\l\\laonga drasut.wav", "dialekt": "laonga drasut", "riks": "L\u00e5ng. \"L\u00e5ng drasut\"."}
{"audio": "\\dialekt\\ljud\\l\\laonga rasse.wav", "dialekt": "laonga rasse", "riks": "L\u00e5ng rad."}
{"audio": "\\dialekt\\ljud\\l\\laska aitte.wav", "dialekt": "laska aitte", "riks": "Bli efter."}
{"audio": "\\dialekt\\ljud\\l\\lesta se did.wav", "dialekt": "lesta se did", "riks": "Hitta dit. \"Lista sig dit\"."}
{"audio": "\\dialekt\\ljud\\l\\lesta se fram.wav", "dialekt": "lesta se fram", "riks": "Ta sig fram, klara sig."}
{"audio": "\\dialekt\\ljud\\l\\lia bra dai.wav", "dialekt": "lia bra dai", "riks": "Lika bra s\u00e5."}
{"audio": "\\dialekt\\ljud\\l\\lia goa kaolsupare.wav", "dialekt": "lia goa kaolsupare", "riks": "Lika goda. \"Lika goda k\u00e5lsupare\"."}
{"audio": "\\dialekt\\ljud\\l\\lide ao haot.wav", "dialekt": "lide ao haot", "riks": "Lite av varje."}
{"audio": "\\dialekt\\ljud\\l\\lide pa skrao da.wav", "dialekt": "lide pa skrao da gao vall te, men meet pa dra \u00e4 allri bra", "riks": "Lite p\u00e5 sne g\u00e5r v\u00e4l an, men mycket p\u00e5 sne \u00e4r aldrig bra."}
{"audio": "\\dialekt\\ljud\\l\\lide te ligas.wav", "dialekt": "lide te ligas", "riks": "Lite i s\u00e4nder."}
{"audio": "\\dialekt\\ljud\\l\\lide te mans.wav", "dialekt": "lide te mans", "riks": "Lite var."}
{"audio": "\\dialekt\\ljud\\l\\loata kaa.wav", "dialekt": "loata kaa", "riks": "D\u00e5lig karl."}
{"audio": "\\dialekt\\ljud\\l\\loata persedel.wav", "dialekt": "loata persedel", "riks": "D\u00e5lig person."}
{"audio": "\\dialekt\\ljud\\l\\luna s\u00e5m \u00e5in filbunke.wav", "dialekt": "luna s\u00e5m \u00e5in filbunke", "riks": "\"Lugn som en filbunke\"."}
{"audio": "\\dialekt\\ljud\\l\\lyklett o vail.wav", "dialekt": "lyklett o vail", "riks": "Lyckligt och v\u00e4l."}
{"audio": "\\dialekt\\ljud\\l\\lyse som \u00e5in palt.wav", "dialekt": "lyse som \u00e5in palt i na hoanl\u00f6ite", "riks": "Lyser d\u00e5ligt.            Direkt tolkat: \"Lyser som en palt i en hornlykta\".            (Hornlykta \u00e4r en lykta med genomskinliga skivor av horn i ljus\u00f6ppningarna.)"}
{"audio": "\\dialekt\\ljud\\l\\lyss m\u00e4 b\u00e4igge \u00f6anen.wav", "dialekt": "lyss m\u00e4 b\u00e4igge \u00f6anen", "riks": "Till en som inte fattar eller bryr sig om att lyssna."}
{"audio": "\\dialekt\\ljud\\l\\l\u00e4 at bero.wav", "dialekt": "l\u00e4 at bero", "riks": "L\u00e5t det vara."}
{"audio": "\\dialekt\\ljud\\l\\l\u00e4 va me.wav", "dialekt": "l\u00e4 va me", "riks": "L\u00e5t mig vara ifred."}
{"audio": "\\dialekt\\ljud\\l\\l\u00e4igga om knaiggana.wav", "dialekt": "l\u00e4igga om knaiggana", "riks": "Om en som svor rej\u00e4lt."}
{"audio": "\\dialekt\\ljud\\l\\l\u00f6da som innentinn.wav", "dialekt": "l\u00f6da som innentinn", "riks": "L\u00e5tsa som ingenting."}
{"audio": "\\dialekt\\ljud\\l\\l\u00f6ven \u00e4 go men.wav", "dialekt": "l\u00f6ven \u00e4 go men haollen \u00e4 b\u00e4da", "riks": "Lova \u00e4r bra men h\u00e5lla \u00e4r b\u00e4ttre."}
{"audio": "\\dialekt\\ljud\\l\\lait te vaoan.wav", "dialekt": "lait te vaoan", "riks": "Vara f\u00e4rdig med v\u00e5rarbetet."}
{"audio": "\\dialekt\\ljud\\l\\lakka tosina te o.wav", "dialekt": "lakka tosina te o sin grina \u00f6d d\u00e5j", "riks": "\"Locka dumbommar till och sedan skratta \u00e5t dem.\""}
{"audio": "\\dialekt\\ljud\\m\\mangt o meet.wav", "dialekt": "mangt o meet", "riks": "Mycket rikligt."}
{"audio": "\\dialekt\\ljud\\m\\meet o bestilla.wav", "dialekt": "meet o bestilla", "riks": "Mycket att g\u00f6ra. \"Mycket att bestyra\"."}
{"audio": "\\dialekt\\ljud\\m\\meet o mangfaollet.wav", "dialekt": "meet o mangfaollet", "riks": "Rikligt, mycket. \"Mycket och m\u00e5ngfaldigt\"."}
{"audio": "\\dialekt\\ljud\\m\\menna s\u00e5ata.wav", "dialekt": "menna s\u00e5ata", "riks": "M\u00e5nga sorter."}
{"audio": "\\dialekt\\ljud\\m\\milla som na maansill.wav", "dialekt": "milla som na maansill", "riks": "Direkt tolkat: \"Mild som en morgonsill\"."}
{"audio": "\\dialekt\\ljud\\m\\min eine sag.wav", "dialekt": "min eine sag", "riks": "\"Min ensak\"."}
{"audio": "\\dialekt\\ljud\\m\\m\u00e4 laitt mag.wav", "dialekt": "m\u00e4 laitt mag", "riks": "Utan besv\u00e4r."}
{"audio": "\\dialekt\\ljud\\m\\m\u00e4 n\u00f6 o n\u00e4ppe.wav", "dialekt": "m\u00e4 n\u00f6 o n\u00e4ppe", "riks": "G\u00e5r tr\u00f6gt."}
{"audio": "\\dialekt\\ljud\\m\\m\u00f6aksens j\u00e4aninn.wav", "dialekt": "m\u00f6aksens j\u00e4aninn", "riks": "\"M\u00f6rkrets g\u00e4rning\"."}
{"audio": "\\dialekt\\ljud\\m\\m\u00f6at s\u00e5m beg.wav", "dialekt": "m\u00f6at s\u00e5m beg", "riks": "Beckm\u00f6rkt; \"m\u00f6rkt som beck\"."}
{"audio": "\\dialekt\\ljud\\n\\na d\u00e5i ha skeet.wav", "dialekt": "na d\u00e5i ha skeet o waett sa \u00e4 d\u00e4 m\u00f6aka natt", "riks": "\"N\u00e4r dom har skitit och v\u00e4ssat lien s\u00e5 \u00e4r det natt\"."}
{"audio": "\\dialekt\\ljud\\n\\na ja a aja.wav", "dialekt": "na ja a aja \u00e4 ja inte goa", "riks": "N\u00e4r jag \u00e4r arg \u00e4r jag inte sn\u00e4ll."}
{"audio": "\\dialekt\\ljud\\n\\na langa r\u00e5ise.wav", "dialekt": "na langa r\u00e5ise", "riks": "En l\u00e5ng resa."}
{"audio": "\\dialekt\\ljud\\n\\na lilla pene.wav", "dialekt": "na lilla pene", "riks": "En liten flicka.            Se \u00e4ven              pene             ."}
{"audio": "\\dialekt\\ljud\\n\\na l\u00e5ija vaininn.wav", "dialekt": "na l\u00e5ija vaininn", "riks": "\"Na l\u00e5ija vaininn m\u00e4 snyv\". Mycket."}
{"audio": "\\dialekt\\ljud\\n\\naddadaa.wav", "dialekt": "naddadaa", "riks": "Avser sju dagar runt 1 maj. Kallt v\u00e4der dessa dagar f\u00f6reb\u00e5dade en varm h\u00f6st."}
{"audio": "\\dialekt\\ljud\\n\\nai o ny.wav", "dialekt": "nai o ny", "riks": "M\u00e5nfaserna nedan och ny."}
{"audio": "\\dialekt\\ljud\\n\\naigg i ryggen.wav", "dialekt": "naigg i ryggen", "riks": "Ryggskott."}
{"audio": "\\dialekt\\ljud\\n\\noga pao at.wav", "dialekt": "noga pao at", "riks": "Kr\u00e4sen."}
{"audio": "\\dialekt\\ljud\\n\\nu fa tina.wav", "dialekt": "nu fa tina", "riks": "Nu f\u00f6r tiden."}
{"audio": "\\dialekt\\ljud\\n\\n\u00e4 mingonn.wav", "dialekt": "n\u00e4 mingonn", "riks": "\"Absolut inte!\""}
{"audio": "\\dialekt\\ljud\\n\\n\u00e4 minsant ikke.wav", "dialekt": "n\u00e4 minsant ikke", "riks": "\"N\u00e4, minsann inte!\""}
{"audio": "\\dialekt\\ljud\\n\\n\u00e4 va l\u00f6jn.wav", "dialekt": "n\u00e4 va l\u00f6jn", "riks": "Liten svordom.            Som svar p\u00e5 ett p\u00e5st\u00e5ende."}
{"audio": "\\dialekt\\ljud\\n\\n\u00e4tt opp o j\u00e4mt.wav", "dialekt": "n\u00e4tt opp o j\u00e4mt", "riks": "G\u00e5r j\u00e4mnt ihop."}
{"audio": "\\dialekt\\ljud\\n\\n\u00f6dd o tw\u00e5ngen.wav", "dialekt": "n\u00f6dd o tw\u00e5ngen", "riks": "M\u00e5ste. \"N\u00f6dd och tvungen\"."}
{"audio": "\\dialekt\\ljud\\n\\n\u00f6\u00f6n ynka gang.wav", "dialekt": "n\u00f6\u00f6n ynka gang", "riks": "En och annan g\u00e5ng; enstaka g\u00e5ng."}
{"audio": "\\dialekt\\ljud\\n\\n\u00f6\u00f6t sa n\u00e4a.wav", "dialekt": "n\u00f6\u00f6t sa n\u00e4a", "riks": "N\u00e5got s\u00e5 n\u00e4r."}
{"audio": "\\dialekt\\ljud\\n\\nu gao sistan sa.wav", "dialekt": "nu gao sistan, sa g\u00e5bben, n\u00e4 skidhuset brann", "riks": "\"Nu \u00e4r allt slut, sa gubben, n\u00e4r dasset brann.\""}
{"audio": "\\dialekt\\ljud\\n\\n\u00e4 da r\u00e4jna pa.wav", "dialekt": "n\u00e4 da r\u00e4jna pa pr\u00e4sten, dr\u00f6ppa da pa klakkaren", "riks": "N\u00e4r det regnar p\u00e5 pr\u00e4sten, droppar det p\u00e5 klockaren."}
{"audio": "\\dialekt\\ljud\\n\\nu sk\u00e5 vi titta.wav", "dialekt": "nu sk\u00e5 vi titta pao v\u00e4ven, sa Blinna Sara", "riks": "Nu ska vi titta p\u00e5 v\u00e4ven, sa Blinda Sara."}
{"audio": "\\dialekt\\ljud\\n\\nu finns da inte.wav", "dialekt": "nu finns da inte m\u00e5ija o ta, sa tjuen, t\u00e5 daana", "riks": "Nu finns det inte mycket mer att ta, sa tjuven, tog d\u00f6rren."}
{"audio": "\\dialekt\\ljud\\n\\nu \u00e4 da slut.wav", "dialekt": "nu \u00e4 da slut m\u00e4 wysslandet, sa hean, n\u00e4 laibena sprakk", "riks": "Nu \u00e4r det slut med visslandet, sa pojken, n\u00e4r l\u00e4ppen sprack."}
{"audio": "\\dialekt\\ljud\\n\\n\u00e4 daj \u00e4lla sk\u00e5lle.wav", "dialekt": "n\u00e4 daj \u00e4lla sk\u00e5lle va", "riks": "\"N\u00e4r det annars skulle vara.\""}
{"audio": "\\dialekt\\ljud\\o\\oa o inna visa.wav", "dialekt": "oa o inna visa", "riks": "Allvar. \"Ord och inga visor\"."}
{"audio": "\\dialekt\\ljud\\o\\ogen i.wav", "dialekt": "ogen I?", "riks": "\"\u00c5kte ni?\""}
{"audio": "\\dialekt\\ljud\\o\\om att.wav", "dialekt": "om att", "riks": "\"Bli om det\". Omkomma."}
{"audio": "\\dialekt\\ljud\\o\\om da v\u00e5a me.wav", "dialekt": "om da v\u00e5a me omd\u00f6mme", "riks": "Om jag fick avg\u00f6ra.            \"Om det vore mitt omd\u00f6me\"."}
{"audio": "\\dialekt\\ljud\\o\\oppe o skafta.wav", "dialekt": "oppe o skafta", "riks": "Tidigt uppe."}
{"audio": "\\dialekt\\ljud\\o\\omijen sae b\u00f6gen na.wav", "dialekt": "omijen, sae B\u00f6gen, na han aoade", "riks": "\"Om igen, sa B\u00f6gen, n\u00e4r han \u00e4rjade.\"            Tales\u00e4tt efter B\u00f6gen, som pratade med sin h\u00e4st, n\u00e4r han pl\u00f6jde f\u00e5ror med \u00e5rder."}
{"audio": "\\dialekt\\ljud\\p\\pa da viset.wav", "dialekt": "pa da viset", "riks": "Gravid, havande."}
{"audio": "\\dialekt\\ljud\\p\\pa d\u00e5i tina.wav", "dialekt": "pa d\u00e5i tina", "riks": "P\u00e5 den tiden."}
{"audio": "\\dialekt\\ljud\\p\\passa som fod i.wav", "dialekt": "passa som fod i h\u00e5se", "riks": "J\u00e4mf\u00f6r: \"Som hand i handske\"."}
{"audio": "\\dialekt\\ljud\\p\\pigga som na m\u00f6at.wav", "dialekt": "pigga som na m\u00f6at", "riks": "Livlig. \"Pigg som en m\u00f6rt\"."}
{"audio": "\\dialekt\\ljud\\p\\pj\u00e4lta pao se.wav", "dialekt": "pj\u00e4lta pao se", "riks": "Kl\u00e4 sig."}
{"audio": "\\dialekt\\ljud\\p\\prada pa bagena.wav", "dialekt": "prada pa bagena", "riks": "Baktala, f\u00f6rtala."}
{"audio": "\\dialekt\\ljud\\p\\presis o laom.wav", "dialekt": "presis o laom", "riks": "Bra. \"Precis och lagom\"."}
{"audio": "\\dialekt\\ljud\\p\\pyttsan.wav", "dialekt": "pyttsan", "riks": "Tveksam till n\u00e5got."}
{"audio": "\\dialekt\\ljud\\p\\p\u00f6 om p\u00f6.wav", "dialekt": "p\u00f6 om p\u00f6", "riks": "Om varannat."}
{"audio": "\\dialekt\\ljud\\p\\prisa inte dan fann.wav", "dialekt": "prisa inte dan fann solna \u00e4 fasw\u00e5nnen", "riks": "\"Prisa inte dagen f\u00f6rr\u00e4n solen g\u00e5tt ned.\""}
{"audio": "\\dialekt\\ljud\\p\\prada som han hade.wav", "dialekt": "prada som han hade huet \u00e5nne aamen", "riks": "Pratar som om han hade huvudet under armen."}
{"audio": "\\dialekt\\ljud\\r\\rakkaren m\u00e4.wav", "dialekt": "rakkaren m\u00e4", "riks": "Liten svordom."}
{"audio": "\\dialekt\\ljud\\r\\raksingen m\u00e4.wav", "dialekt": "raksingen m\u00e4", "riks": "Liten svordom."}
{"audio": "\\dialekt\\ljud\\r\\robb o stobb.wav", "dialekt": "robb o stobb", "riks": "Allt."}
{"audio": "\\dialekt\\ljud\\r\\roffa \u00f6d se.wav", "dialekt": "roffa \u00f6d se", "riks": "Ta f\u00f6r sig. F\u00f6rse sig."}
{"audio": "\\dialekt\\ljud\\r\\rompedra.wav", "dialekt": "rompedra", "riks": "Anv\u00e4ndes ibland f\u00f6r att h\u00e5lla barn borta vid slakt. \"Spring till grannen och h\u00e4mta ett rumpedra\"."}
{"audio": "\\dialekt\\ljud\\r\\r\u00e5ina rama allvaat.wav", "dialekt": "r\u00e5ina rama allvaat", "riks": "Ovillkorligen, \"rena rama allvaret\"."}
{"audio": "\\dialekt\\ljud\\r\\r\u00e5kka pa huet.wav", "dialekt": "r\u00e5kka pa huet", "riks": "Skaka p\u00e5 huvudet."}
{"audio": "\\dialekt\\ljud\\r\\r\u00e5nga ve att.wav", "dialekt": "r\u00e5nga ve att", "riks": "D\u00e5nar. Direkttolkat: \"Runga vid det\"."}
{"audio": "\\dialekt\\ljud\\r\\r\u00e5nka pa huet.wav", "dialekt": "r\u00e5nka pa huet", "riks": "Skaka p\u00e5 huvudet."}
{"audio": "\\dialekt\\ljud\\r\\r\u00e4 ve da va.wav", "dialekt": "r\u00e4 ve da va", "riks": "R\u00e4tt som det var."}
{"audio": "\\dialekt\\ljud\\r\\r\u00e4dda som \u00e5in tju.wav", "dialekt": "r\u00e4dda som \u00e5in tju", "riks": "R\u00e4dd som en tjuv."}
{"audio": "\\dialekt\\ljud\\r\\r\u00e4ite inte te.wav", "dialekt": "r\u00e4ite inte te", "riks": "R\u00e4ckte inte till."}
{"audio": "\\dialekt\\ljud\\r\\r\u00e4nna som na olykke.wav", "dialekt": "r\u00e4nna som na olykke", "riks": "K\u00e4rlekskrank."}
{"audio": "\\dialekt\\ljud\\r\\r\u00e4nna som \u00f6ra h\u00f6ns.wav", "dialekt": "r\u00e4nna som \u00f6ra h\u00f6ns", "riks": "Springa som yra h\u00f6ns."}
{"audio": "\\dialekt\\ljud\\r\\r\u00e4ttfram som food i.wav", "dialekt": "r\u00e4ttfram som food i na h\u00e5se", "riks": "Enkel person.            Direkt tolkat: \"R\u00e4ttfram som foten i en strumpa\"."}
{"audio": "\\dialekt\\ljud\\r\\r\u00f6brusta som \u00e5in stinnkagebagare.wav", "dialekt": "r\u00f6brusta som \u00e5in stinnkagebagare", "riks": "R\u00f6dkindad som en pannkakebagare."}
{"audio": "\\dialekt\\ljud\\r\\roa te v\u00e4llin roa.wav", "dialekt": "roa te v\u00e4llin,roa te kaol o roa o roa te haotenda maol", "riks": "\"Rovor till v\u00e4lling, rovor till k\u00e5l och rovor till rovor till vartenda m\u00e5l.\"            Rovor till varje m\u00e5ltid."}
{"audio": "\\dialekt\\ljud\\r\\riga pa l\u00f6ss o.wav", "dialekt": "riga pa l\u00f6ss o langa n\u00e4jla", "riks": "\"Rik p\u00e5 l\u00f6ss och l\u00e5nga naglar.\"            Om en som inte \u00e4ger mycket."}
{"audio": "\\dialekt\\ljud\\s\\sa v\u00e5at.wav", "dialekt": "sa v\u00e5at", "riks": "P\u00e5 det viset."}
{"audio": "\\dialekt\\ljud\\s\\sad o snuade.wav", "dialekt": "sad o snuade", "riks": "Tog igen sig. Pausade."}
{"audio": "\\dialekt\\ljud\\s\\sakka aitte.wav", "dialekt": "sakka aitte", "riks": "Bli efter."}
{"audio": "\\dialekt\\ljud\\s\\seda pao b\u00f6deb\u00e4inken.wav", "dialekt": "seda pao b\u00f6deb\u00e4inken", "riks": "Sitter p\u00e5 lagningsb\u00e4nken."}
{"audio": "\\dialekt\\ljud\\s\\seitade o skood.wav", "dialekt": "seitade o skood", "riks": "Siktade och sk\u00f6t."}
{"audio": "\\dialekt\\ljud\\s\\seitade o sk\u00f6d.wav", "dialekt": "seitade o sk\u00f6d", "riks": "Siktade och sk\u00f6t."}
{"audio": "\\dialekt\\ljud\\s\\sinka se.wav", "dialekt": "sinka se", "riks": "Bli efter."}
{"audio": "\\dialekt\\ljud\\s\\sjilt se ve.wav", "dialekt": "sjilt se ve", "riks": "Gjort f\u00e4rdigt."}
{"audio": "\\dialekt\\ljud\\s\\sju m\u00f6da o aotta.wav", "dialekt": "sju m\u00f6da o aotta besw\u00e4a", "riks": "Sv\u00e5rt. \"Sju m\u00f6dor och \u00e5tta besv\u00e4r\"."}
{"audio": "\\dialekt\\ljud\\s\\sjula.wav", "dialekt": "sjula", "riks": "G\u00e5 under tak vid regn."}
{"audio": "\\dialekt\\ljud\\s\\sjumilast\u00f6vla.wav", "dialekt": "sjumilast\u00f6vla", "riks": "Sjumilast\u00f6vlar. N\u00e4r n\u00e5gon har br\u00e5ttom."}
{"audio": "\\dialekt\\ljud\\s\\sj\u00e4nt ud se.wav", "dialekt": "sj\u00e4nt ud se", "riks": "Sk\u00e4mt ut sig. F\u00e5r sk\u00e4mmas."}
{"audio": "\\dialekt\\ljud\\s\\sko se.wav", "dialekt": "sko se", "riks": "\"Sko sig\". Or\u00e4ttm\u00e4tigt ta f\u00f6r sig."}
{"audio": "\\dialekt\\ljud\\s\\skr\u00e4dde inte oan.wav", "dialekt": "skr\u00e4dde inte oan", "riks": "Sa sin mening. \"Skr\u00e4dde inte orden.\""}
{"audio": "\\dialekt\\ljud\\s\\slantskodda.wav", "dialekt": "slantskodda", "riks": "H\u00e4st med slitna skor."}
{"audio": "\\dialekt\\ljud\\s\\slao dank.wav", "dialekt": "slao dank", "riks": "G\u00e5 och driva."}
{"audio": "\\dialekt\\ljud\\s\\slao d\u00f6v\u00f6rat te.wav", "dialekt": "slao d\u00f6v\u00f6rat te", "riks": "L\u00e5tsas ej h\u00f6ra."}
{"audio": "\\dialekt\\ljud\\s\\slir om sl\u00e4nte.wav", "dialekt": "slir om sl\u00e4nte", "riks": "G\u00e5 om intet."}
{"audio": "\\dialekt\\ljud\\s\\sloen i \u00e5ija.wav", "dialekt": "sloen i \u00e5ija", "riks": "Slog ni er?"}
{"audio": "\\dialekt\\ljud\\s\\slua m\u00e4nske.wav", "dialekt": "slua m\u00e4nske", "riks": "Klok eller slug m\u00e4nniska."}
{"audio": "\\dialekt\\ljud\\s\\smaogli spis.wav", "dialekt": "smaogli spis", "riks": "Smaklig m\u00e5ltid."}
{"audio": "\\dialekt\\ljud\\s\\smaott \u00e5m att.wav", "dialekt": "smaott \u00e5m att", "riks": "Fattigt."}
{"audio": "\\dialekt\\ljud\\s\\snao spaa o pakka.wav", "dialekt": "snao spaa o pakka taa", "riks": "Sn\u00e5l spar och Pocker tar.            Fan kallades f\u00f6r Pocker."}
{"audio": "\\dialekt\\ljud\\s\\snyv s\u00e5m \u00e4 kramma.wav", "dialekt": "snyv s\u00e5m \u00e4 kramma", "riks": "Kramsn\u00f6 vid blidv\u00e4der."}
{"audio": "\\dialekt\\ljud\\s\\sn\u00f6d ao nom.wav", "dialekt": "sn\u00f6d ao nom", "riks": "Sn\u00e4ste av honom."}
{"audio": "\\dialekt\\ljud\\s\\som gao te stybestakken.wav", "dialekt": "som gao te stybestakken", "riks": "Ledsamt. \"Som g\u00e5r till stupstocken\"."}
{"audio": "\\dialekt\\ljud\\s\\som \u00e5in aol\u00f6sta ongkaost.wav", "dialekt": "som \u00e5in aol\u00f6sta ongkaost", "riks": "Deppig, nere.            Direkttolkat: \"Som en avtagen ugnskvast\".            L\u00e5ng st\u00e5ng f\u00f6r att reng\u00f6ra bakugnen. L\u00e4ngst ut en ruska av tallris, som kunde tas av."}
{"audio": "\\dialekt\\ljud\\s\\sprinna te sj\u00e5is.wav", "dialekt": "sprinna te sj\u00e5is", "riks": "Springa ikapp."}
{"audio": "\\dialekt\\ljud\\s\\staat som bygelud.wav", "dialekt": "staat som bygelud", "riks": "\"Starkt som byklut.\""}
{"audio": "\\dialekt\\ljud\\s\\stadde se.wav", "dialekt": "stadde se", "riks": "Tog dr\u00e4ngplats."}
{"audio": "\\dialekt\\ljud\\s\\stakkiga pao att.wav", "dialekt": "stakkiga pao att", "riks": "Kort i r\u00f6sten; kort p\u00e5 det."}
{"audio": "\\dialekt\\ljud\\s\\stao h\u00e4alia te.wav", "dialekt": "stao h\u00e4alia te", "riks": "\"St\u00e5r h\u00e4rliga till\"."}
{"audio": "\\dialekt\\ljud\\s\\stao pao taj.wav", "dialekt": "stao pao taj", "riks": "Fj\u00e4ska. \"St\u00e5 p\u00e5 t\u00e5\"."}
{"audio": "\\dialekt\\ljud\\s\\stia i gradana.wav", "dialekt": "stia i gradana", "riks": "Befordras. Stiga i graderna."}
{"audio": "\\dialekt\\ljud\\s\\stinka som \u00e5in ostamaak.wav", "dialekt": "stinka som \u00e5in ostamaak", "riks": "Kvick. \"Vimla som or i en ost\"."}
{"audio": "\\dialekt\\ljud\\s\\sto i v\u00e4in.wav", "dialekt": "sto i v\u00e4in", "riks": "Skymde. \"Stod i v\u00e4gen\"."}
{"audio": "\\dialekt\\ljud\\s\\stoalas.wav", "dialekt": "stoalas", "riks": "Sl\u00e5 p\u00e5 stort."}
{"audio": "\\dialekt\\ljud\\s\\styvt som bakkahoan.wav", "dialekt": "styvt som bakkahoan", "riks": "N\u00e5got som var \"styvt som bockahorn\", sv\u00e5rt att b\u00f6ja."}
{"audio": "\\dialekt\\ljud\\s\\st\u00e5bba pa s\u00e5itet.wav", "dialekt": "st\u00e5bba pa s\u00e5itet", "riks": "Stubba i betydelsen, bli kortare eller s\u00e4mre. \"Stubba p\u00e5 synen\", f\u00e5 s\u00e4mre syn."}
{"audio": "\\dialekt\\ljud\\s\\suat som poss.wav", "dialekt": "suat som poss", "riks": "Surt. \"Surt som pors\"."}
{"audio": "\\dialekt\\ljud\\s\\suulh\u00f6g.wav", "dialekt": "suulh\u00f6g", "riks": "Dyr att ha i maten. \"Sovelh\u00f6k\"."}
{"audio": "\\dialekt\\ljud\\s\\suulslygare.wav", "dialekt": "suulslygare", "riks": "Dyr att ha i maten. \"Sovelslukare\"."}
{"audio": "\\dialekt\\ljud\\s\\sw\u00e4inne hid o did.wav", "dialekt": "sw\u00e4inne hid o did", "riks": "Sv\u00e4nger hit och dit. Utan styrsel."}
{"audio": "\\dialekt\\ljud\\s\\synn om den staobin.wav", "dialekt": "synn om den staobin", "riks": "\"Synd om den stackaren\"."}
{"audio": "\\dialekt\\ljud\\s\\syttana.wav", "dialekt": "syttana", "riks": "Lockrop p\u00e5 kor."}
{"audio": "\\dialekt\\ljud\\s\\s\u00e5i om.wav", "dialekt": "s\u00e5i om", "riks": "Hj\u00e4lpsam, hj\u00e4lpa till."}
{"audio": "\\dialekt\\ljud\\s\\s\u00e5i te goe.wav", "dialekt": "s\u00e5i te goe", "riks": "Hj\u00e4lpsam, hj\u00e4lpa till."}
{"audio": "\\dialekt\\ljud\\s\\s\u00e5i \u00e5in sj\u00f6mt ao.wav", "dialekt": "s\u00e5i \u00e5in sj\u00f6mt ao", "riks": "P\u00e5 avst\u00e5nd; \"Se en skymt av\"."}
{"audio": "\\dialekt\\ljud\\s\\s\u00e4da inte sina p\u00e5sa.wav", "dialekt": "s\u00e4da inte sina p\u00e5sa ve dana", "riks": "Oblyg.            Direkt tolkat: \"S\u00e4tter inte sina p\u00e5sar vid d\u00f6rren\".            En som inte stannar vid d\u00f6rren."}
{"audio": "\\dialekt\\ljud\\s\\s\u00e4ka som \u00e5in trailaos.wav", "dialekt": "s\u00e4ka som \u00e5in trailaos", "riks": "\"S\u00e4kert som ett tr\u00e4l\u00e5s\"."}
{"audio": "\\dialekt\\ljud\\s\\sn\u00f6d ao na.wav", "dialekt": "sn\u00f6d ao na", "riks": "Sn\u00e4ste av henne."}
{"audio": "\\dialekt\\ljud\\s\\smaogen \u00e4 oliga o.wav", "dialekt": "smaogen \u00e4 oliga o dafaa blia \u00f6ll mad aiden", "riks": "\"Smaken \u00e4r olika och d\u00e4rf\u00f6r blir all mat upp\u00e4ten.\""}
{"audio": "\\dialekt\\ljud\\s\\streda som han hade.wav", "dialekt": "streda som han hade tesaott i b\u00e4igge vangana", "riks": "Stolt som om han var f\u00e4rdig med s\u00e5dden."}
{"audio": "\\dialekt\\ljud\\s\\sa manga onga som.wav", "dialekt": "sa manga onga som \u00e4inkena hade swin", "riks": "S\u00e5 m\u00e5nga ungar som \u00e4nkan har svin.            Om stor barnkull."}
{"audio": "\\dialekt\\ljud\\s\\sao ska \u00e5in slibst\u00e5in.wav", "dialekt": "sao ska \u00e5in slibst\u00e5in drass", "riks": "\"S\u00e5 skall en slipsten dras.\"            N\u00e4r allt g\u00e5r som det skall."}
{"audio": "\\dialekt\\ljud\\s\\sjida i vakkana sa.wav", "dialekt": "sjida i vakkana sa gro \u00e4atana", "riks": "\"Skita i \u00e4thon, s\u00e5 gror \u00e4rtorna.\""}
{"audio": "\\dialekt\\ljud\\s\\stakka me o kua.wav", "dialekt": "stakka me o kua de sa fao vi s\u00e5j hokken som blia stasst", "riks": "Stacka mig och kuva dig s\u00e5 f\u00e5r vi se vem som blir st\u00f6rst.            Att             stacka            och att             kuva            \u00e4r moment vid torkning av torv."}
{"audio": "\\dialekt\\ljud\\s\\str\u00e4kk pa de pettasen.wav", "dialekt": "str\u00e4kk pa de Pettasen sa fa du f\u00f6jla m\u00e4 te stan o tigga", "riks": "\"Str\u00e4ck p\u00e5 dig Pettersson, s\u00e5 f\u00e5r du f\u00f6lja med till stan och tigga.\""}
{"audio": "\\dialekt\\ljud\\s\\s\u00e5i ud som jerusalems.wav", "dialekt": "s\u00e5i ud som Jerusalems fast\u00f6rinn", "riks": "\"Ser ut som Jerusalems f\u00f6rst\u00f6relse.\"            N\u00e4r allt \u00e4r riktigt i oordning eller f\u00f6rvirring."}
{"audio": "\\dialekt\\ljud\\s\\stuna \u00e4 b\u00e4da \u00e4n.wav", "dialekt": "stuna \u00e4 b\u00e4da \u00e4n h\u00e5ille vaengen", "riks": "\"Stugan \u00e4r b\u00e4ttre \u00e4n hela g\u00e4rdet.\"            Tales\u00e4tt vid regnv\u00e4der, d\u00e5 det \u00e4r sk\u00f6nt att vara inomhus."}
{"audio": "\\dialekt\\ljud\\s\\sm\u00f6jre j\u00e4lpa om da.wav", "dialekt": "sm\u00f6jre j\u00e4lpa om da sa v\u00e5a pao \u00e5in l\u00e4nsman", "riks": "Sm\u00f6rja (salva) hj\u00e4lper, om det s\u00e5 vore p\u00e5 en l\u00e4nsman."}
{"audio": "\\dialekt\\ljud\\s\\sl\u00e4jtena \u00e4 vasst sa.wav", "dialekt": "sl\u00e4jtena \u00e4 vasst, sa r\u00e4ven om d\u00e5j r\u00f6e honnana", "riks": "Sl\u00e4kten \u00e4r v\u00e4rst, sa r\u00e4ven om de r\u00f6da hundarna."}
{"audio": "\\dialekt\\ljud\\s\\snyd de snaabede.wav", "dialekt": "snyd de, snaabede", "riks": "\"Snyt dig, snorare!\""}
{"audio": "\\dialekt\\ljud\\s\\stonnom sa hanne ola.wav", "dialekt": "stonnom, sa Hanne Ola", "riks": "Stundom, sa Hanne Ola.            Stundom = ibland, d\u00e5 och d\u00e5."}
{"audio": "\\dialekt\\ljud\\t\\ta illa ve se.wav", "dialekt": "ta illa ve se", "riks": "Bli illa ber\u00f6rd. Ta illa vid sig."}
{"audio": "\\dialekt\\ljud\\t\\ta itu m\u00e4 att.wav", "dialekt": "ta itu m\u00e4 att", "riks": "S\u00e4tta ig\u00e5ng. Ta itu med det."}
{"audio": "\\dialekt\\ljud\\t\\ta kaol pao.wav", "dialekt": "ta kaol pao", "riks": "R\u00e5 p\u00e5. Ta k\u00e5l p\u00e5."}
{"audio": "\\dialekt\\ljud\\t\\ta m\u00e4 l\u00e4mpa.wav", "dialekt": "ta m\u00e4 l\u00e4mpa", "riks": "Smidigt. Ta med l\u00e4mpor."}
{"audio": "\\dialekt\\ljud\\t\\ta se ao.wav", "dialekt": "ta se ao", "riks": "Ta p\u00e5 sig ansvar, arbete."}
{"audio": "\\dialekt\\ljud\\t\\ta se i ait.wav", "dialekt": "ta se i ait", "riks": "Vara f\u00f6rsiktig. Ta sig i akt."}
{"audio": "\\dialekt\\ljud\\t\\ta se pao.wav", "dialekt": "ta se pao", "riks": "\u00c5taga sig. Ta sig p\u00e5."}
{"audio": "\\dialekt\\ljud\\t\\ta tw\u00e4asom ao.wav", "dialekt": "ta tw\u00e4asom ao", "riks": "Med detsamma."}
{"audio": "\\dialekt\\ljud\\t\\ta vann \u00f6va huet.wav", "dialekt": "ta vann \u00f6va huet", "riks": "Mer \u00e4n man orkar. Ta sig vatten \u00f6ver huvudet."}
{"audio": "\\dialekt\\ljud\\t\\ta \u00e5itt skott.wav", "dialekt": "ta \u00e5itt skott", "riks": "Hoppa. Ta ett skutt."}
{"audio": "\\dialekt\\ljud\\t\\taa r\u00e4tt pao me.wav", "dialekt": "taa r\u00e4tt pao me", "riks": "Orkar inte. \"Det tar nog r\u00e4tt p\u00e5 mig\"."}
{"audio": "\\dialekt\\ljud\\t\\taa \u00e5in sjiden ainne.wav", "dialekt": "taa \u00e5in sjiden ainne", "riks": "D\u00e5ligt slut. \"Tar en skiten \u00e4nde\"."}
{"audio": "\\dialekt\\ljud\\t\\taa-skalin men han raote.wav", "dialekt": "Taa-skalin, men han raote te o aida r\u00e4tt bra", "riks": "Liten till v\u00e4xten, men \u00e5t bra \u00e4nd\u00e5.            (Sagt om kyrkoherde Heurgren)"}
{"audio": "\\dialekt\\ljud\\t\\taat som feabaak.wav", "dialekt": "taat som feabaak", "riks": "Torrt som furubark."}
{"audio": "\\dialekt\\ljud\\t\\taat som kalasjinn.wav", "dialekt": "taat som kalasjinn", "riks": "Torrt som kalvskinn."}
{"audio": "\\dialekt\\ljud\\t\\takka in i n\u00e4ven.wav", "dialekt": "takka in i n\u00e4ven", "riks": "Handslag. Tack."}
{"audio": "\\dialekt\\ljud\\t\\tass m\u00e4 at.wav", "dialekt": "tass m\u00e4 at", "riks": "Ta sig p\u00e5."}
{"audio": "\\dialekt\\ljud\\t\\te m\u00e5jja du jia.wav", "dialekt": "te m\u00e5jja du jia", "riks": "Ju mer du ger."}
{"audio": "\\dialekt\\ljud\\t\\te m\u00e5jja tess b\u00e4da.wav", "dialekt": "te m\u00e5jja tess b\u00e4da", "riks": "Ju mer dess b\u00e4ttre."}
{"audio": "\\dialekt\\ljud\\t\\te pa nakk.wav", "dialekt": "te pa nakk", "riks": "P\u00e5 k\u00f6pet. Rikligt m\u00e5tt."}
{"audio": "\\dialekt\\ljud\\t\\ti m\u00e4 de.wav", "dialekt": "ti m\u00e4 de", "riks": "Tig med dig. H\u00e5ll tyst."}
{"audio": "\\dialekt\\ljud\\t\\tjykka r\u00e5lte.wav", "dialekt": "tjykka r\u00e5lte", "riks": "Tjock rulta. Om klumpig, ovig flicka."}
{"audio": "\\dialekt\\ljud\\t\\tjykka som \u00e5in prost.wav", "dialekt": "tjykka som \u00e5in prost", "riks": "Tjock. \"Tjock som en prost\"."}
{"audio": "\\dialekt\\ljud\\t\\tjyss me d\u00e4a bag.wav", "dialekt": "tjyss me d\u00e4a bag", "riks": "\"Kyss mig d\u00e4r bak\". F\u00f6raktfullt uttryck."}
{"audio": "\\dialekt\\ljud\\t\\tjyss me d\u00e4a ja.wav", "dialekt": "tjyss me d\u00e4a ja \u00e4 h\u00f6ijast na ja plakka spaona", "riks": "\"Kyss mig d\u00e4r jag \u00e4r h\u00f6gst n\u00e4r jag plockar sp\u00e5nor\". Sk\u00e4mtsamt f\u00f6raktfullt."}
{"audio": "\\dialekt\\ljud\\t\\tj\u00e4ra goa.wav", "dialekt": "tj\u00e4ra goa", "riks": "Vid \u00f6verraskning; \"K\u00e4ra goda\"."}
{"audio": "\\dialekt\\ljud\\t\\to \u00e5in sjiden ainne.wav", "dialekt": "to \u00e5in sjiden ainne", "riks": "D\u00e5ligt slut. Tog en skiten \u00e4nde."}
{"audio": "\\dialekt\\ljud\\t\\toa inte sia krykke.wav", "dialekt": "toa inte sia Krykke-B\u00e4int", "riks": "En som inte v\u00e5gade eller ville erk\u00e4nna n\u00e5got, eller h\u00f6ll tyst.            \"T\u00f6rs inte s\u00e4ga Krycke-Bengt\"."}
{"audio": "\\dialekt\\ljud\\t\\tryda ve knaina.wav", "dialekt": "tryda ve knaina", "riks": "Kort. Sluta vid kn\u00e4na."}
{"audio": "\\dialekt\\ljud\\t\\tr\u00e5i \u00e4lla fira.wav", "dialekt": "tr\u00e5i \u00e4lla fira", "riks": "Tre eller fyra."}
{"audio": "\\dialekt\\ljud\\t\\tr\u00f6a i d\u00e5ggen.wav", "dialekt": "tr\u00f6a i d\u00e5ggen", "riks": "Ute i regnv\u00e4der. Trampa i v\u00e5tt gr\u00e4s, i daggen."}
{"audio": "\\dialekt\\ljud\\t\\tu om rao.wav", "dialekt": "tu om rao", "riks": "Os\u00e4ker. Kluven uppfattning."}
{"audio": "\\dialekt\\ljud\\t\\twao maol tail ao.wav", "dialekt": "twao maol tail ao \u00e5in traibakk", "riks": "\"Tv\u00e5 m\u00e5tt talg och en tr\u00e4bock\". Betydelsen f\u00f6rlorad."}
{"audio": "\\dialekt\\ljud\\t\\twi sa lett.wav", "dialekt": "twi sa lett", "riks": "Fy s\u00e5 fult !"}
{"audio": "\\dialekt\\ljud\\t\\twi vare.wav", "dialekt": "twi vare", "riks": "Fy!"}
{"audio": "\\dialekt\\ljud\\t\\tykkas pao.wav", "dialekt": "tykkas pao", "riks": "F\u00f6rargad."}
{"audio": "\\dialekt\\ljud\\t\\t\u00f6la de.wav", "dialekt": "t\u00f6la de", "riks": "\"T\u00e5la dig\". V\u00e4nta."}
{"audio": "\\dialekt\\ljud\\t\\t\u00f6va lide.wav", "dialekt": "t\u00f6va lide", "riks": "V\u00e4nta lite."}
{"audio": "\\dialekt\\ljud\\t\\tissens gaong.wav", "dialekt": "tissens gaong", "riks": "\"Tidens g\u00e5ng\". Anv\u00e4nds f\u00f6r att understryka att f\u00f6r\u00e4ndringar har skett."}
{"audio": "\\dialekt\\ljud\\t\\tjipp sa int\u00e4ppte jon.wav", "dialekt": "tjipp, sa int\u00e4ppte Jon", "riks": "\"Tjipp, sa inst\u00e4ngde Jon.\""}
{"audio": "\\dialekt\\ljud\\t\\tycke ja ja tro.wav", "dialekt": "tycke ja, ja tro, ella h\u00e5a, sa Lassa J\u00f6ns", "riks": "\"Tycker jag, jag tror, eller hur, sa Lassa J\u00f6ns.\""}
{"audio": "\\dialekt\\ljud\\t\\tj\u00f6a i vinn sa.wav", "dialekt": "tj\u00f6a i vinn, sa Nesse Sjinn", "riks": "\"K\u00f6r i vind, sa Nisse Skinn.\""}
{"audio": "\\dialekt\\ljud\\u\\ude fa n\u00f6\u00f6t.wav", "dialekt": "ude fa n\u00f6\u00f6t", "riks": "R\u00e5kat ut f\u00f6r n\u00e5got."}
{"audio": "\\dialekt\\ljud\\u\\uhanga koa.wav", "dialekt": "uhanga koa", "riks": "Om kor som bryter ner st\u00e4ngsel.            Se \u00e4ven              ohanga             ."}
{"audio": "\\dialekt\\ljud\\u\\umaga se.wav", "dialekt": "umaga se", "riks": "G\u00f6ra sig besv\u00e4r. \"Omaka sig\"."}
{"audio": "\\dialekt\\ljud\\u\\usel sa ha \u00e4.wav", "dialekt": "usel sa ha \u00e4 inte v\u00e4a na sura sill", "riks": "Usel s\u00e5 han inte ens \u00e4r v\u00e4rd en sur sill."}
{"audio": "\\dialekt\\ljud\\u\\usel sa ha \u00e41.wav", "dialekt": "usel sa ha \u00e4 inte v\u00e4a o sjekka pa na sobedynne", "riks": "Usel s\u00e5 han inte \u00e4r v\u00e4rd att kasta p\u00e5 en soph\u00f6g."}
{"audio": "\\dialekt\\ljud\\v\\va fa sla.wav", "dialekt": "va fa sla", "riks": "Vad f\u00f6r n\u00e5got."}
{"audio": "\\dialekt\\ljud\\v\\va j\u00f6a \u00e5in flusjid.wav", "dialekt": "va j\u00f6a \u00e5in flusjid pao \u00e5in sodare", "riks": "Vad g\u00f6r en flugskit p\u00e5 en sotare."}
{"audio": "\\dialekt\\ljud\\v\\va r\u00e4dda sa han.wav", "dialekt": "va r\u00e4dda sa han toe inte sia Krykke-Beint", "riks": "Var r\u00e4dd s\u00e5 han inte v\u00e5gade s\u00e4ga Krycke-Bengt."}
{"audio": "\\dialekt\\ljud\\v\\va \u00e4 da fraoga.wav", "dialekt": "va \u00e4 da fraoga om", "riks": "Vad handlar det om?            Vad \u00e4r det fr\u00e5ga om?"}
{"audio": "\\dialekt\\ljud\\v\\vafa seda du d\u00e4a.wav", "dialekt": "vafa seda du d\u00e4a o snua", "riks": "Overksam. Varf\u00f6r sitter du d\u00e4r och sl\u00f6ar?"}
{"audio": "\\dialekt\\ljud\\v\\vainnas illa.wav", "dialekt": "vainnas illa", "riks": "G\u00f6ra skada."}
{"audio": "\\dialekt\\ljud\\v\\vangkades da n\u00f6\u00f6t.wav", "dialekt": "vangkades da n\u00f6\u00f6t", "riks": "Bj\u00f6ds det n\u00e5got. \"Vankades det n\u00e5got\"."}
{"audio": "\\dialekt\\ljud\\v\\vann \u00f6va huet.wav", "dialekt": "vann \u00f6va huet", "riks": "Ta sig p\u00e5 f\u00f6r mycket. \"Vatten \u00f6ver huvudet\"."}
{"audio": "\\dialekt\\ljud\\v\\veilav\u00e4a.wav", "dialekt": "veilav\u00e4a", "riks": "S\u00e5dant v\u00e4der man sj\u00e4lv vill ha."}
{"audio": "\\dialekt\\ljud\\v\\vell haora speda te.wav", "dialekt": "vell haora speda te", "riks": "H\u00e5rda tag.  Direkt tolkat: \"Vill h\u00e5rda spetor till\"."}
{"audio": "\\dialekt\\ljud\\v\\vem h\u00e5n \u00e4 da.wav", "dialekt": "vem h\u00e5n \u00e4 da", "riks": "Vem i all v\u00e4rlden \u00e4r det."}
{"audio": "\\dialekt\\ljud\\v\\vi haan da.wav", "dialekt": "vi haan da", "riks": "Vi har det."}
{"audio": "\\dialekt\\ljud\\v\\via i vanana.wav", "dialekt": "via i vanana", "riks": "Vida omkring. \"Vid i vanorna\"."}
{"audio": "\\dialekt\\ljud\\v\\via i vinnana.wav", "dialekt": "via i vinnana", "riks": "Storslagen. Vid i vingarna."}
{"audio": "\\dialekt\\ljud\\v\\villapask\u00e5d.wav", "dialekt": "villapask\u00e5d", "riks": "Ryggskott botades genom att en skytt sk\u00f6t ett skott som str\u00f6k \u00f6ver ryggen p\u00e5 den drabbade."}
{"audio": "\\dialekt\\ljud\\v\\v\u00e5ana se te.wav", "dialekt": "v\u00e5ana se te", "riks": "G\u00f6ra sig beredd."}
{"audio": "\\dialekt\\ljud\\v\\v\u00e4ama hera frysa inte.wav", "dialekt": "v\u00e4ama hera frysa inte", "riks": "Varma pojkar fryser inte."}
{"audio": "\\dialekt\\ljud\\w\\weska m\u00e4 rompena.wav", "dialekt": "weska m\u00e4 rompena", "riks": "Vifta med svansen."}
{"audio": "\\dialekt\\ljud\\y\\ynklett h\u00f6ra l\u00f6ss hosta.wav", "dialekt": "ynklett h\u00f6ra l\u00f6ss hosta", "riks": "Ynkligt att h\u00f6ra l\u00f6ss hosta."}
{"audio": "\\dialekt\\ljud\\\u00e4\\\u00e4 da ejja.wav", "dialekt": "\u00e4 da ejja", "riks": "\u00c4r det era?"}
{"audio": "\\dialekt\\ljud\\\u00e4\\\u00e4 en knepia sa.wav", "dialekt": "\u00e4 en knepia, sa kan en ta fae se, sa Eskla J\u00f6sse", "riks": "\u00c4r man listig, s\u00e5 kan man ta f\u00f6r sig, sa Eskla J\u00f6sse."}
{"audio": "\\dialekt\\ljud\\\u00e5\\\u00e5in h\u00e5ilans hob.wav", "dialekt": "\u00e5in h\u00e5ilans hob", "riks": "En hel hop, m\u00e5nga."}
{"audio": "\\dialekt\\ljud\\\u00e5\\\u00e5in redia traibakk.wav", "dialekt": "\u00e5in redia traibakk", "riks": "En som inte fattar vad man s\u00e4ger."}
{"audio": "\\dialekt\\ljud\\\u00e5\\\u00e5in ynka gaeng.wav", "dialekt": "\u00e5in ynka gaeng", "riks": "En och annan g\u00e5ng."}
{"audio": "\\dialekt\\ljud\\\u00e5\\\u00e5itt b\u00e5ide.wav", "dialekt": "\u00e5itt b\u00e5ide", "riks": "En stund."}
{"audio": "\\dialekt\\ljud\\\u00e5\\\u00e5itt faslet sjao.wav", "dialekt": "\u00e5itt faslet sjao", "riks": "Ett fasligt bestyr."}
{"audio": "\\dialekt\\ljud\\\u00e5\\\u00e5itt kast sill.wav", "dialekt": "\u00e5itt kast sill", "riks": "Ett kast sill = fyra styck sillar."}
{"audio": "\\dialekt\\ljud\\\u00e5\\\u00e5itt strao wassare.wav", "dialekt": "\u00e5itt strao wassare", "riks": "N\u00e5got b\u00e4ttre. Ett str\u00e5 vassare."}
{"audio": "\\dialekt\\ljud\\\u00e5\\\u00e5ittranne aaja.wav", "dialekt": "\u00e5ittranne aaja", "riks": "Ilsken. Ettrigt arg."}
{"audio": "\\dialekt\\ljud\\\u00e5\\\u00e5inveden som \u00e5jn tjyramolkare.wav", "dialekt": "\u00e5inveden som \u00e5jn tjyramolkare", "riks": "Envis som den som f\u00f6rs\u00f6ker mj\u00f6lka en tjur."}
{"audio": "\\dialekt\\ljud\\\u00e5\\\u00e5in ladhonn fab\u00e4a se.wav", "dialekt": "\u00e5in ladhonn fab\u00e4a se h\u00e4lla \u00e4n han gao twao ganga", "riks": "En latmask f\u00f6rb\u00e4r sig hellre, \u00e4n han g\u00e5r tv\u00e5 g\u00e5nger."}
{"audio": "\\dialekt\\ljud\\\u00e5\\\u00e5in liden kan j\u00f6ra.wav", "dialekt": "\u00e5in liden kan j\u00f6ra meet n\u00e4 \u00e5in stoa vainne se", "riks": "En liten kan g\u00f6ra mycket, medan en stor v\u00e4nder sig."}
{"audio": "\\dialekt\\ljud\\\u00f6\\\u00f6lla via vana.wav", "dialekt": "\u00f6lla via vana", "riks": "\u00d6verallt."}
{"audio": "\\dialekt\\ljud\\\u00f6\\\u00f6llt som tiast.wav", "dialekt": "\u00f6llt som tiast", "riks": "Allt som oftast."}
{"audio": "\\dialekt\\ljud\\\u00f6\\\u00f6llt haa \u00e5in ainne.wav", "dialekt": "\u00f6llt haa \u00e5in ainne, m\u00e4n koaven ha twao", "riks": "\"Allt har en \u00e4nde, men korven den har tv\u00e5.\""}
